:1000000000F0FF1F41020000F1020000E9020000C1
:10001000F1020000F1020000F10200000000000007
:10002000000000000000000000000000F1020000DD
:10003000F102000000000000F1020000F1020000E7
:10004000F1020000F1020000F1020000F1020000E4
:10005000F1020000F1020000F1020000F1020000D4
:10006000F1020000F1020000F1020000F1020000C4
:10007000F1020000F1020000F1020000F1020000B4
:10008000F1020000F1020000F1020000F1020000A4
:10009000F1020000F1020000F1020000F102000094
:1000A000F1020000F1020000F1020000F102000084
:1000B000F1020000F1020000F1020000F102000074
:1000C000F1020000F1020000F1020000F102000064
:1000D000F1020000F1020000F1020000F102000054
:1000E000F1020000F1020000F1020000F102000044
:1000F000F1020000F1020000F1020000F102000034
:10010000F1020000F1020000F1020000F102000023
:10011000F1020000F1020000F1020000F102000013
:10012000F1020000F1020000F1020000F102000003
:10013000F1020000F1020000F1020000F1020000F3
:10014000F1020000F1020000F1020000F1020000E3
:10015000F1020000F1020000F1020000F1020000D3
:10016000F1020000F1020000F1020000F1020000C3
:10017000F1020000F1020000F1020000F1020000B3
:10018000F1020000F1020000F1020000F1020000A3
:10019000F1020000F1020000F1020000F102000093
:1001A000F1020000F1020000F1020000F102000083
:1001B000F1020000F1020000F1020000F102000073
:1001C000F1020000F1020000F1020000F102000063
:1001D000F1020000F1020000F1020000F102000053
:1001E000F1020000F1020000F1020000F102000043
:1001F000F1020000F1020000F1020000F102000033
:1002000065210000F1020000F1020000F10200008F
:10021000F102000031210000F1020000F1020000B3
:10022000F1020000F1020000F1020000F102000002
:10023000F1020000F1020000F1020000F1020000F2
:1002400080B586B000AF234B7B607B6883F3098861
:1002500000BF00F0FBF8204B7B6119E000233B61FD
:100260000EE07B691A683B699B001A447B695968F8
:100270003B699B000B4412681A603B6901333B6188
:100280007B699B683A699A42EBD37B690C337B614B
:100290007B69124A9342E1D3114BFB6014E00023C7
:1002A000BB6009E0FB681A68BB689B00134400222E
:1002B0001A60BB680133BB60FB685B68BA689A422E
:1002C000F0D3FB680833FB60FB68064A9342E6D331
:1002D00003F022FA00F0FF1F98AA0000A4AA000071
:1002E000A4AA0000A4AA000080B400AF00BFFDE7EC
:1002F00080B400AF00BFFDE780B483B000AF78608A
:10030000396004E07B685A1C7A6000221A703B68EE
:100310005A1E3A60002BF5D100BF00BF0C37BD4616
:100320005DF8047B7047000080B483B000AF424B9F
:100330001B685B0903F00703052B30D801A252F8B4
:1003400023F000BF5D0300006303000069030000A9
:100350009F0300009103000097030000374B7B6070
:1003600020E0364B7B601DE0334BDB6B03F03F033B
:100370000133324A02FB03F33B602F4B9B6B1B099B
:1003800003F00F0301333A68B2FBF3F37B6009E03B
:100390002B4B7B6006E04FF400437B6002E00023C0
:1003A0007B6000BF244B1B6903F00703062B39D881
:1003B00001A252F823F000BFD5030000DD030000C6
:1003C000E7030000F703000001040000110400002F
:1003D0001B0400001B4A7B68136027E07B685B08F6
:1003E000184A136022E07B68174AA2FB03235B08CC
:1003F000144A13601AE07B689B08124A136015E0E8
:100400007B68114AA2FB03239B080E4A13600DE090
:100410007B68DB080B4A136008E07B681B09094A0C
:10042000136003E0074B00221A6000BF00BF0C37C7
:10043000BD465DF8047B70470000014000093D00A7
:10044000A08601000000FD1FABAAAAAA80B400AFDD
:10045000454B464AC3F8002C434B454AC3F8002C91
:10046000414B00229A60434BD3F88830414A43F411
:100470007003C2F888304FF0804301225A6100BFF8
:100480004FF080435B6903F00203022BF8D13A4B33
:1004900000221A61384B01225A61374B80229A613F
:1004A000354B8122DA61344B83221A62324B0022AF
:1004B0009A62314B5C221A632F4B1B682E4A43F021
:1004C0000203136000BF2C4B5B6803F00203002B98
:1004D000F9D0294B00225A63274B01229A63264BFD
:1004E0003122DA63244B1B68234A43F01003136064
:1004F00000BF214B5B6803F01003002BF9D01E4BAB
:100500001B681D4A43F0400313601B4B1B6803F03C
:10051000E0031A4A1360184B5B6803F0E002174BC4
:100520001B689A42F1D14FF08043D3F80021144B5D
:100530001340134A934212D0124B134ADA604FF021
:100540008043D3F800310F4A1B0C93604FF0804377
:100550000C4AD3F8003153600A4B0022DA6000BF26
:10056000BD465DF8047B70470010014051E5CC1A90
:10057000AE1A33E500ED00E0000001406407FD1F06
:10058000FF031F0000E0024054E5CC1A80B485B0A0
:1005900000AF78600023FB607B68002B1DD0002338
:1005A000BB6017E01049BA681346DB0013449B0098
:1005B0000B441B687A689A4209D1BA681346DB007B
:1005C00013449B000833084A1344FB6005E0BB68F2
:1005D0000133BB60BB68012BE4D9FB6818461437B4
:1005E000BD465DF8047B70470400FD1F80B586B0F2
:1005F00000AF7860396007F1100301211846FFF75A
:100600007BFE07F10C0301211846FFF775FE07F189
:10061000080301211846FFF76FFE7868FFF7B6FF61
:1006200078617B69002B02D03B68002B01D1042349
:1006300040E17B6803F14043A3F560331B0AFB7480
:10064000FB7C0F2B01D9042334E17B6901221A7052
:100650003B681B78002B02D0012B05D00AE03B7CC5
:1006600023F0E0033B7407E03B7C012262F3471375
:100670003B7401E004231DE13B7C43F001033B7428
:100680003B681B7A032B18D0032B1FDC002B02D0F6
:10069000022B09D01AE03B7A23F008033B723B7A25
:1006A00023F010033B7213E03B7A23F008033B7204
:1006B0003B7A43F010033B720AE03B7A43F00803B5
:1006C0003B723B7A43F010033B7201E00423F1E0FC
:1006D0003B685B7A032B2FD801A252F823F000BFAE
:1006E000F1060000030700001507000027070000BF
:1006F0003B7C23F008033B743B7A23F040033B72BE
:100700001CE03B7C43F008033B743B7A23F040033E
:100710003B7213E03B7C23F008033B743B7A43F0CD
:1007200040033B720AE03B7C43F008033B743B7A96
:1007300043F040033B7201E00423BBE03B689B7A3B
:10074000042B2AD801A252F823F000BF850700002D
:10075000610700006D070000790700008F070000A7
:100760003B7A012262F302033B7218E03B7A0222D9
:1007700062F302033B7212E03B7A032262F302034C
:100780003B720CE03B7A23F007033B7207E03B7AB5
:10079000042262F302033B7201E004238AE03B6817
:1007A000DB7A002B02D0012B05D009E03B7C23F043
:1007B00004033B7406E03B7C43F004033B7401E01C
:1007C000042377E03B685B7B012B04D13B7A43F049
:1007D00080033B7203E03B7A23F080033B723B686B
:1007E0001B7B012B04D13B7A43F020033B7203E0D7
:1007F0003B7A23F020033B727A68537843F08003FE
:1008000053703B685B681946786800F057F87B685E
:100810003A7C1A707B683A7B5A707B683A7A1A7114
:100820003B689B7B012B01D1012100E000217A680C
:10083000938961F3CF3393813B681B69002B38D0D8
:100840007A68938A43F0040393827A68938A43F028
:10085000080393827A68938A43F4006393823B6827
:100860001B691B78002B02D0012B06D00BE07A68A5
:10087000938A23F48073938207E07A68938A43F41F
:100880008073938201E0042314E03B681B695A786B
:100890007B681A763B681B699A787B685A767A6817
:1008A000938A43F0010393827A68938A43F00203A8
:1008B0009382002318461837BD4680BD80B584B0AA
:1008C00000AF78603960FFF72FFD7B68002B02D006
:1008D0003B68032B01D8042318E00E4B1A680E4B1B
:1008E000DB6903F0030322FA03F3FB60FA683B6859
:1008F000B2FBF3F39BB2013B9BB2C3F30E0399B27D
:100900007A68938961F30E039381002318461037A8
:10091000BD4680BD0000FD1F0000014080B483B0D3
:1009200000AF78600B46FB707B68002B01D104237D
:1009300014E0FB78002B02D0012B06D00BE07A6884
:10094000537843F00103537007E07A68537843F01B
:100950000203537001E0042300E0002318460C3723
:10096000BD465DF8047B704780B485B000AF786009
:100970000B46FB700023FB73FB78062B41D801A2CA
:1009800052F823F0A1090000AF090000BD090000E2
:10099000CB090000D9090000E7090000F5090000B3
:1009A0007B685B79C3F34013DBB2FB732AE07B689F
:1009B0005B79C3F30013DBB2FB7323E07B685B79E5
:1009C000C3F3C003DBB2FB731CE07B685B79C3F34A
:1009D0008003DBB2FB7315E07B685B79C3F34003F4
:1009E000DBB2FB730EE07B685B79C3F30003DBB221
:1009F000FB7307E07B689B8AC3F38023DBB2FB7346
:100A000000E000BFFB7B18461437BD465DF8047B51
:100A1000704700BF80B483B000AF78600B467B8026
:100A20007B68002B01D1042303E07B687A881A815C
:100A3000002318460C37BD465DF8047B7047000064
:100A400080B485B000AF78600023FB607B68002B2A
:100A50001ED00023BB6018E01149BA681346DB00C2
:100A600013449B000B4404331B687A689A4209D1F3
:100A7000BA681346DB0013449B000833084A13444A
:100A8000FB6005E0BB680133BB60BB68012BE3D9A9
:100A9000FB6818461437BD465DF8047B704700BFFD
:100AA0000400FD1F80B588B000AF7860396007F1A1
:100AB000140301211846FFF71FFC07F11003012161
:100AC0001846FFF719FC07F10C0301211846FFF740
:100AD00013FC07F1080301211846FFF70DFC7B68A2
:100AE00003F14043A3F560331B0AFB77FB7F0F2B19
:100AF00001D904239FE07868FFF7A2FFB861BB69C2
:100B0000002B02D03B68002B01D1042393E0BB698A
:100B100003221A703B681B78012B0ED83B7D042200
:100B200062F347133B7500BF3B7C43F020033B74EB
:100B30003B681B78012B18D101E004237BE03B6864
:100B40001B7A03F07F03DAB23B7B62F306033B734D
:100B50003B7B43F080033B733B685B7A03F07F038E
:100B6000DAB23B7A62F306033B723B7A43F08003CE
:100B70003B727B683A7D1A707B6800225A743B682E
:100B8000DB7A012B05D17A68537943F02003537146
:100B900004E07A68537923F0200353713B685B6863
:100BA0001946786800F04CF87B683A7C5A707B688C
:100BB0003A7B1A747B683A7A5A743B68DB68002B7C
:100BC00038D07A68938A43F0040393827A68938AD0
:100BD00043F0080393827A68938A43F40063938214
:100BE0003B68DB681B78002B02D0012B06D00BE0A2
:100BF0007A68938A23F48073938207E07A68938AF1
:100C000043F48073938201E0042314E03B68DB68C3
:100C10005A787B681A763B68DB689A787B685A76E4
:100C20007A68938A43F0010393827A68938A43F047
:100C300002039382002318462037BD4680BD000082
:100C400080B584B000AF786039600023FB73FFF794
:100C50006BFB7B68002B03D03B681B4A934201D996
:100C600004232CE07B685B7CC3F3C013DBB2FB7313
:100C70007A68537C43F080035374144B1A68144B06
:100C8000DB6903F0030322FA03F3BB60BA683B6835
:100C9000B2FBF3F39BB2013B9BB2C3F30E0399B2D9
:100CA0007A68938961F30E039381FB7B03F0010360
:100CB000D9B27A68537C61F3C71353740023184682
:100CC0001037BD4680BD00BF801A06000000FD1F22
:100CD0000000014080B485B000AF7860144B1B6801
:100CE000FB607B68002B01D104231BE07A685378FA
:100CF00043F0800353700FE07B685B78C3F3C0134D
:100D0000DBB2012B08D17B685B78C3F38013DBB2C5
:100D1000012B01D1002305E0FB685A1EFA60002B6D
:100D2000EAD1092318461437BD465DF8047B7047A5
:100D30000000FD1F80B485B000AF7860154B1B68C4
:100D4000FB607B68002B19D104231DE07B685B7876
:100D5000DBB203F03E03DAB27B685A707B685B78E3
:100D6000C3F3C013DBB2002B08D17B685B78C3F3FD
:100D70008013DBB2002B01D1002305E0FB685A1E73
:100D8000FA60002BE2D1092318461437BD465DF8FE
:100D9000047B70470000FD1F80B483B000AF786013
:100DA0000B46FB707B68002B01D1042304E0FB7829
:100DB0009AB27B681A81002318460C37BD465DF84D
:100DC000047B704780B485B000AF78600B46FB7041
:100DD0007B685B783B737B68002B01D1042315E0B3
:100DE000FB78002B05D101223B7B62F345133B735B
:100DF00004E000223B7B62F345133B733B7B23F013
:100E000040033B737B683A7B5A70002318461437C3
:100E1000BD465DF8047B704780B485B000AF786054
:100E20007B681B79C3F38013DBB2FB73FB7B184633
:100E30001437BD465DF8047B7047000080B485B070
:100E400000AF78600B46FB700023FB73FB780B2B25
:100E50007BD801A252F823F0890E0000970E000003
:100E6000A50E0000B30E0000C10E0000CF0E000062
:100E7000DD0E0000EB0E0000F90E0000070F000071
:100E8000150F0000230F00007B685B79C3F3C003DC
:100E9000DBB2FB735AE07B685B79C3F38003DBB2A0
:100EA000FB7353E07B685B79C3F34003DBB2FB73F6
:100EB0004CE07B685B79C3F30003DBB2FB7345E076
:100EC0007B689B8AC3F38023DBB2FB733EE07B68C5
:100ED0001B79C3F3C013DBB2FB7337E07B681B796C
:100EE000C3F34013DBB2FB7330E07B681B79C3F3C1
:100EF0004003DBB2FB7329E07B681B79C3F300037B
:100F0000DBB2FB7322E07B685B78C3F34003DBB2A8
:100F1000FB731BE07B685B78C3F30003DBB2FB73FE
:100F200014E07B685B78C3F3C013DBB2002B09D1FC
:100F30007B685B78C3F38013DBB2012B02D1012302
:100F4000FB7303E00023FB7300E000BFFB7B18464C
:100F50001437BD465DF8047B704700BF80B483B092
:100F600000AF78600B46FB707B68002B01D1042337
:100F70003DE0FB780B2B36D801A252F823F000BFDE
:100F8000B10F0000EB0F0000EB0F0000EB0F0000B3
:100F9000BD0F0000EB0F0000EB0F0000C90F0000B9
:100FA000EB0F0000EB0F0000D50F0000EB0F00006F
:100FB0007A68537943F08003537117E07A68938A13
:100FC00023F48063938211E07A68137923F002039B
:100FD00013710BE07B685B78DBB223F04103DAB27C
:100FE0007B685A7002E0042301E000BF002318462A
:100FF0000C37BD465DF8047B704700BF80B483B0FA
:1010000000AF0346FB71FB79322B00F2218101A274
:1010100052F823F0E1100000F1110000E910000087
:10102000F1100000F910000001110000091100008A
:1010300011110000191100002111000029110000F8
:101040003111000039110000411100004911000068
:1010500051110000591100006111000069110000D8
:101060007111000079110000811100008911000048
:101070009111000099110000A1110000A9110000B8
:10108000B1110000B9110000C1110000C911000028
:10109000D1110000D9110000E1110000E911000098
:1010A00055120000411200004912000039120000E0
:1010B0002912000031120000211200000912000064
:1010C0001112000019120000F911000001120000B5
:1010D0005512000055120000551200005512000074
:1010E000604B01221A70B6E05F4B01221A70B2E029
:1010F0005E4B01221A70AEE05D4B01221A70AAE02D
:101100005C4B01221A70A6E05B4B01221A70A2E030
:101110005A4B01221A709EE0594B01221A709AE034
:10112000584B01221A7096E0574B01221A7092E038
:10113000564B01221A708EE0554B01221A708AE03C
:10114000544B01221A7086E0534B01221A7082E040
:10115000524B01221A707EE0514B01221A707AE044
:10116000504B01221A7076E04F4B01221A7072E048
:101170004E4B01221A706EE04D4B01221A706AE04C
:101180004C4B01221A7066E04B4B01221A7062E050
:101190004A4B01221A705EE0494B01221A705AE054
:1011A000484B01221A7056E0474B01221A7052E058
:1011B000464B01221A704EE0454B01221A704AE05C
:1011C000444B01221A7046E0434B01221A7042E060
:1011D000424B01221A703EE0414B01221A703AE064
:1011E000404B01221A7036E03F4B01221A7032E068
:1011F0003E4B01221A702EE03D4B01221A702AE06C
:101200003C4B01221A7026E03B4B01221A7022E06F
:101210003A4B01221A701EE0394B01221A701AE073
:10122000384B01221A7016E0374B01221A7012E077
:10123000364B01221A700EE0354B01221A700AE07B
:10124000344B01221A7006E0334B01221A7002E07F
:10125000042301E000BF002318460C37BD465DF8AB
:10126000047B7047702078426020784240207842AA
:1012700044207842482078424C207842002078422E
:1012800004207842082078420C20784210207842CE
:1012900014207842182078421C207842202078427E
:1012A00024207842282078422C207842302078422E
:1012B00034207842382078423C20784240227842DC
:1012C00044227842482278424C22784220227842B6
:1012D00024227842282278422C2278420022784226
:1012E00004227842082278420C2278426820784210
:1012F000002478420424784210247842142478424E
:1013000018247842202478424024784244247842A9
:1013100050247842602478426424784280B483B0B8
:1013200000AF0346FB7197F90730002B0BDBFB790D
:1013300003F01F02074997F907305B09012000FA03
:1013400002F241F8232000BF0C37BD465DF8047B54
:10135000704700BF00E100E080B483B000AF0346F7
:10136000FB7197F90730002B0CDBFB7903F01F02B0
:10137000074997F907305B09012000FA02F2603350
:1013800041F8232000BF0C37BD465DF8047B704751
:1013900000E100E080B483B000AF03463960FB7128
:1013A00097F90730002B0ADB3B68DAB20C4997F952
:1013B00007301201D2B20B4483F800230AE03B68E5
:1013C000DAB20849FB7903F00F03043B1201D2B2F1
:1013D0000B441A7600BF0C37BD465DF8047B70479E
:1013E00000E100E000ED00E080B582B000AF002039
:1013F00000F01EF90E4B7B6002E07B68013B7B60D6
:101400000C4B1B7ADBB2022B02D17B68002BF4D190
:101410007B68002B04D0074B1B7ADBB2002B01D07A
:101420000A2300E0002318460837BD4680BD00BFF0
:10143000A08601000010064080B584B000AF78603F
:101440007B68002B01D10423C6E07B681B6803F096
:101450000303002B01D00223BEE0FFF7C5FF0346C4
:10146000002B01D00A23B7E07B68DB685C4A13607D
:101470007B681B695A4A53607B689B69584AD360F2
:101480007B685B69564A93607B68DB68002B03D1FD
:101490007B681B69002B0DD07B685B7A012B09D11F
:1014A0005B20FFF759FF5B20FFF738FF0F215B2020
:1014B000FFF770FF7B689B69002B03D17B685B693A
:1014C000002B0DD07B685B7A012B09D17020FFF7D0
:1014D00043FF7020FFF722FF0F217020FFF75AFF14
:1014E000404A7B681B6813607B681B79012B01D124
:1014F000012200E000223B7B62F300033B737B6828
:101500005B79012B01D1012200E000223B7B62F3D9
:1015100041033B737B689B79012B01D1012200E0E1
:1015200000223B7B62F382033B737B68DB79012BF8
:1015300001D1012200E000223B7B62F3C3033B7335
:101540007B681B7A072B41D801A252F823F000BF19
:10155000711500007B150000871500009315000031
:101560009F150000AB150000B7150000C315000063
:101570003B7B23F070033B732AE03B7B012262F349
:1015800006133B7324E03B7B022262F306133B739A
:101590001EE03B7B032262F306133B7318E03B7BA8
:1015A000042262F306133B7312E03B7B052262F3D5
:1015B00006133B730CE03B7B062262F306133B737E
:1015C00006E03B7B43F070033B7301E0042303E040
:1015D000044A3B7B5372002318461037BD4680BD3A
:1015E0006807FD1F0010064080B483B000AF0346BB
:1015F0000A46FB711346BB80BB88B3F5804F01D30D
:1016000004230DE0BB8803F00303002B01D0022369
:1016100006E0FA79BB881B04044913434B6000239E
:1016200018460C37BD465DF8047B70470010064035
:1016300080B483B000AF0346FB71FB79052B27D83C
:1016400001A252F823F000BF6116000069160000E5
:10165000711600007916000081160000891600003E
:10166000104B04221A7215E00E4B08221A7211E078
:101670000C4B10221A720DE00A4B20221A7209E05C
:10168000084B40221A7205E0064B80221A7201E0D4
:10169000042300E0002318460C37BD465DF8047BA8
:1016A000704700BF0010064080B487B000AF03460B
:1016B000FB71FB7903F01F03FB75FB7D012202FA2E
:1016C00003F33B61FB795B09FB73FA7B094B134422
:1016D0009B001A68F97B074B0B449B0019463B693A
:1016E00013430B60002318461C37BD465DF8047B8E
:1016F000704700BF0484011080B487B000AF034678
:10170000FB71FB7903F01F03FB75FB7D012202FADD
:1017100003F33B61FB795B09FB73FA7B084B1344D2
:101720009B001A683B6913403A699A4201D1012330
:1017300000E0002318461C37BD465DF8047B704767
:101740000C84011080B487B000AF0346FB71FB79B5
:1017500003F01F03FB75FB7D012202FA03F33B61DB
:10176000FB795B09FB73FA7B064B13449B001A461B
:101770003B691360002318461C37BD465DF8047BA7
:10178000704700BF1484011080B487B000AF0346D7
:10179000FB71FB7903F01F03FB75FB7D012202FA4D
:1017A00003F33B61FB795B09FB73FA7B0A4B134440
:1017B0009B0019683B69DA43F87B074B03449B00A5
:1017C000184601EA02030360002318461C37BD4691
:1017D0005DF8047B704700BF2484011080B584B09D
:1017E00000AF0346FB71FB79DA2B05D0DB2B07D169
:1017F0000F4BDB68FB6006E00D4B9B68FB6002E073
:101800000023FB6000BFFB791846FFF775FF034616
:10181000012B08D1FB791846FFF794FFFB68002BDA
:1018200001D0FB68984700BF1037BD4680BD00BFA0
:101830006807FD1F80B483B000AF0346FB7197F9C2
:101840000730002B0BDBFB7903F01F02074997F9E8
:1018500007305B09012000FA02F241F8232000BFA3
:101860000C37BD465DF8047B704700BF00E100E027
:1018700080B483B000AF0346FB7197F90730002BAB
:101880000CDBFB7903F01F02074997F907305B096E
:10189000012000FA02F2603341F8232000BF0C3728
:1018A000BD465DF8047B704700E100E080B483B082
:1018B00000AF03463960FB7197F90730002B0ADB54
:1018C0003B68DAB20C4997F907301201D2B20B44E7
:1018D00083F800230AE03B68DAB20849FB7903F099
:1018E0000F03043B1201D2B20B441A7600BF0C372F
:1018F000BD465DF8047B704700E100E000ED00E0CC
:1019000080B485B000AF78600023FB7316E0FA7BEB
:101910000F4913465B0013441B010B441B687A6894
:101920009A4208D1FA7B13465B0013441B01084A14
:101930001344043306E0FB7B0133FB73FB7B002B7A
:10194000E5D0002318461437BD465DF8047B704788
:101950004C00FD1F80B582B000AF786039607B68B5
:101960005B6AC3F3C073DBB2012B0BD17A68536A95
:1019700023F0004353623B689B68002B02D03B6816
:101980009B6898477B685B6AC3F38073DBB2012B6B
:101990000BD17A68536A23F0804353623B689B699A
:1019A000002B02D03B689B6998477B685B6AC3F356
:1019B0004073DBB2012B0BD17A68536A23F00053DA
:1019C00053623B68DB68002B02D03B68DB689847BA
:1019D0007B685B6AC3F30073DBB2012B0BD17A68BF
:1019E000536A23F0805353623B685B68002B02D03C
:1019F0003B685B6898477B685B6AC3F3C063DBB294
:101A0000012B0BD17A68536A23F0006353623B6861
:101A10001B68002B02D03B681B6898477B685B6A99
:101A2000C3F38063DBB2012B0BD17A68536A23F0D6
:101A3000806353623B681B69002B02D03B681B69C3
:101A400098477B685B6AC3F34063DBB2012B0BD121
:101A50007A68536A23F0007353623B68DB69002B9A
:101A600002D03B68DB6998477B685B6AC3F300631D
:101A7000DBB2012B0BD17A68536A23F08073536277
:101A80003B681B6A002B02D03B681B6A98477B6847
:101A90005B6AC3F3C043DBB2012B0BD17A68536A94
:101AA00023F4002353623B685B6A002B02D03B683F
:101AB0005B6A98477B685B6AC3F30043DBB2012B28
:101AC00006D13B689B6A002B02D03B689B6A984713
:101AD0007B685B6AC3F34043DBB2012B07D13B68F1
:101AE0005B69002B03D03B685B69984700BF00BF70
:101AF0000837BD4680BD80B582B000AF78607520E4
:101B0000FFF7B6FE7520FFF795FE0F217520FFF752
:101B1000CDFE00BF0837BD4680BD000080B400AFD9
:101B2000054A536823F00103536000231846BD465D
:101B30005DF8047B704700BF00D0034080B483B0E1
:101B400000AF78607B68074A934204D1064A136865
:101B500043F00103136000BF0C37BD465DF8047B02
:101B6000704700BF00C0064000D0034080B483B07F
:101B700000AF78607B68074A934204D1064A136835
:101B800023F00103136000BF0C37BD465DF8047BF2
:101B9000704700BF00C0064000D0034080B584B04D
:101BA00000AF786039607B68002B02D03B68002B67
:101BB00001D104237DE27868FFF7A2FEF860FB689C
:101BC000002B01D1042374E27A68936923F00103A6
:101BD00093613B681B7803F03F03D9B27A6893683E
:101BE00061F39F6393603B685B88C3F3090399B219
:101BF0007A68936861F3194393603B681B7903F03B
:101C00000103D9B27A68936861F38E3393603B68BD
:101C10005B7903F00103D9B27A68936861F34D33BD
:101C200093603B689B7903F00103D9B27A689368AB
:101C300061F30C3393603B68DB7903F00103D9B2A5
:101C40007A68936861F3CB2393603B681B7A03F057
:101C50000103D9B27A68936861F38A2393603B6881
:101C60005B7A03F00103D9B27A68936861F3492380
:101C700093603B689B7A03F00103D9B27A6893685A
:101C800061F3082393603B68DB7A03F00103D9B268
:101C90007A68936861F3C71393603B681B7B03F01A
:101CA0000103D9B27A68936861F3041393603B68C7
:101CB0005B7B03F00103D9B27A68936861F3C303D5
:101CC00093603B689B7B03F00103D9B27A68936809
:101CD00061F3820393603B68DB7B03F00103D9B2BD
:101CE0007A68936861F3410393603B681B7C03F05F
:101CF0000103D9B27A68936861F3000393603B688B
:101D00005B7C03F01F03D9B27A68D36861F38E233A
:101D1000D3603B689B7C03F01F03D9B27A68D36819
:101D200061F34913D3603B68DB7C03F01F03D9B236
:101D30007A68D36861F30403D3603B681B7D03F0CA
:101D40001F03D9B27A68D36861F39E63D3603B689E
:101D50005B7D03F01F03D9B27A68D36861F35953EE
:101D6000D3603B689B7D03F01F03D9B27A68D368C8
:101D700061F31443D3603B689A697B681A613B68DE
:101D8000DA697B685A613B6893F82530012B14BFF0
:101D900001230023DBB203F00103D9B27A68136A8E
:101DA00061F3596313623B6893F82630012B14BF2B
:101DB00001230023DBB203F00103D9B27A68136A6E
:101DC00061F3514313623B6893F8203003F00F0333
:101DD000D9B27A68136A61F30B2313623B6893F8F4
:101DE000213003F00F03D9B27A68136A61F3030359
:101DF00013623B6893F82230032B25D801A252F8D6
:101E000023F000BF151E0000211E00002F1E000041
:101E10003D1E00007A68136A23F03003136215E058
:101E20007A68136A012161F3051313620EE07A6880
:101E3000136A022161F30513136207E07A68136ADB
:101E400043F03003136201E0042332E13B689B6AF4
:101E5000002B00F0B0803B689B6A1B78012B14BFFD
:101E600001230023DBB203F00103D9B27A68136ABD
:101E700061F3DB6313623B689B6A5B78012B14BFE1
:101E800001230023DBB203F00103D9B27A68136A9D
:101E900061F39E7313623B689B6A9B78012B14BFAE
:101EA00001230023DBB203F00103D9B27A68136A7D
:101EB00061F35D7313623B689B6ADB78012B14BF8F
:101EC00001230023DBB203F00103D9B27A68136A5D
:101ED00061F31C7313623B689B6A1B79012B14BF6F
:101EE00001230023DBB203F00103D9B27A68136A3D
:101EF00061F39A6313623B689B6A5B79012B14BFA1
:101F000001230023DBB203F00103D9B27A68136A1C
:101F100061F3186313623B689B6A9B79012B14BFC2
:101F200001230023DBB203F00103D9B27A68136AFC
:101F300061F3555313623B689B6ADB79012B14BF35
:101F400001230023DBB203F00103D9B27A68136ADC
:101F500061F3145313623B689B6A1B7A012B14BF15
:101F600001230023DBB203F00103D9B27A68136ABC
:101F700061F3D34313623B689B6A5B7A012B14BF06
:101F800001230023DBB203F00103D9B27A68136A9C
:101F900061F3924313623B689B6A9B7A012B14BFE7
:101FA00001230023DBB203F00103D9B27A68136A7C
:101FB00061F3104313623B68DB6A002B36D03B6849
:101FC000DB6A1A68FB681A603B68DB6A5A68FB6860
:101FD0005A603B68DB6A9A68FB689A603B68DB6A18
:101FE000DA68FB68DA603B68DB6A1A69FB681A61C9
:101FF0003B68DB6A5A69FB685A613B68DB6A9A692D
:10200000FB689A613B68DB6ADA69FB68DA613B6806
:10201000DB6A1A6AFB681A623B68DB6A5A6AFB6809
:102020005A623B68DB6A9A6AFB689A623B6893F87B
:102030003030012B02D17868FFF75DFD3B6893F8E3
:102040002330002B14BF01230023DBB203F0010374
:10205000D9B27A68936961F3104393613B6893F84E
:102060002330002B01D1012100E000217A68936820
:1020700061F3861393603B6893F82430002B14BF00
:1020800001230023DBB203F00103D9B27A6893691C
:1020900061F3186393613B6893F82430002B01D1FE
:1020A000012100E000217A68936861F34513936091
:1020B000002318461037BD4680BD00BF80B483B0F2
:1020C00000AF78607A68936943F00103936100235D
:1020D00018460C37BD465DF8047B704780B483B06A
:1020E00000AF78607A68936943F4803393617A68CB
:1020F000936823F040039360002318460C37BD46D5
:102100005DF8047B704780B483B000AF78607A6874
:10211000936943F0807393617A68936823F0200396
:102120009360002318460C37BD465DF8047B70476A
:1021300080B582B000AF084BD3F8D8337B607B68A2
:1021400003F00103002B03D004490548FFF702FC0C
:1021500000BF0837BD4680BD001003405000FD1F82
:1021600000C0064080B500AFDA20FFF7C5FA03468D
:10217000012B02D1DA20FFF731FBDB20FFF7BCFA9D
:102180000346012B02D1DB20FFF728FB00BF80BDF7
:1021900080B500AF0C4B1B6809211846FEF74EFEB8
:1021A0000346012B01D101230BE0074B1B680021E3
:1021B0001846FEF743FE0346012B01D1012300E040
:1021C0000023184680BD00BF7807FD1F80B582B090
:1021D00000AF0346FB711C4B1B68FA791146184689
:1021E000FEF7DAFD184B1B6800211846FEF7EAFDE2
:1021F000154B1B681846FEF76DFD0346002B01D0FA
:1022000009231CE0104B1B680A211846FEF716FE36
:102210000346012B00D1F5E700BF0B4B1B681846A6
:10222000FEF7FAFD0346012B01D1012307E0FFF77A
:10223000AFFF0346012B01D1012300E00023184624
:102240000837BD4680BD00BF7807FD1F80B584B04C
:1022500000AF78600B46FB700023FB730023FB7319
:1022600038E0214B1B680A211846FEF7E7FD0346BC
:10227000012B00D0F5E700BF1B4B1868FB7B7A6889
:1022800013441B781946FEF787FD174B1B680A217C
:102290001846FEF763FE144B1B6802211846FEF732
:1022A000CDFD0346012B00D0F5E700BF0E4B1B68A8
:1022B0001846FEF7B1FD0346012B01D101230EE0C4
:1022C000FFF766FF0346012B01D1012307E0FB7BEB
:1022D0000133FB73FA7BFB789A42C2D30023184682
:1022E0001037BD4680BD00BF7807FD1F80B500AF29
:1022F000174B1B681846FEF71DFD0346002B01D047
:10230000092322E0124B1B6807211846FEF796FDB1
:102310000346012B00D0F5E700BF0D4B1B680921D8
:102320001846FEF78BFD0346012B01D101230CE07B
:10233000074B1B6807211846FEF710FE044B1B686D
:102340000A211846FEF70AFE0023184680BD00BF8A
:102350007807FD1F80B584B000AF03460A46FB71C5
:102360001346BB8097F907305B005AB2BB881B0A43
:102370009BB25BB203F001035BB213435BB2DBB20F
:102380003B73BB88DBB27B733420FFF71FFF07F181
:102390000C0302211846FFF759FFFFF7A7FF00BF04
:1023A0001037BD4680BD000080B586B000AF7860B4
:1023B00039607B68002B02D03B68002B01D10423DD
:1023C0007BE007F1080310211846FDF795FF3D4A11
:1023D0007B68136000233B723B4BFB600023BB74A4
:1023E0000023FB7400237B61364B1B6807F1080256
:1023F00011461846FEF756FB0346002B01D0012379
:102400005BE03B689B8A9BB219460F20FFF7A2FF57
:1024100012210620FFF79EFF3B681B889BB21946DE
:102420000020FFF797FF3B685B889BB219460120AD
:10243000FFF790FF3B689B889BB219460220FFF78D
:1024400089FF3B68DB889BB219460320FFF782FFB8
:102450003B681B899BB219460420FFF77BFF3B6852
:102460005B899BB219460520FFF774FF3B68DB8947
:102470009BB219460720FFF76DFF3B681B8A9BB292
:1024800019460820FFF766FF3B685B8A9BB2194636
:102490000920FFF75FFF3B689B899BB21946062026
:1024A000FFF758FF3B689B889AB2084B1A803B683D
:1024B000DB889AB2064B1A80002318461837BD46AF
:1024C00080BD00BF7807FD1F801A06007C07FD1F36
:1024D0007E07FD1F80B483B000AF78604FF0FF33FC
:1024E00018460C37BD465DF8047B704780B483B056
:1024F00000AF786039603B684FF400525A600023A7
:1025000018460C37BD465DF8047B704780B400AFB9
:1025100001231846BD465DF8047B704780B483B044
:1025200000AF7860012318460C37BD465DF8047B88
:10253000704780B582B000AF7860396001F094FBDD
:10254000034616221A604FF0FF3318460837BD467F
:1025500080BD80B485B000AFF860B9607A604FF09C
:10256000FF3318461437BD465DF8047B704780B4CE
:1025700085B000AFF860B9607A604FF0FF3318465D
:102580001437BD465DF8047B704780B485B000AF5A
:10259000F860B9607A604FF0FF3318461437BD46D3
:1025A0005DF8047B704780B582B000AF78600B4661
:1025B000FB701346BB7000F08BFB786800F026FBC5
:1025C000BA78FB781146184600F01CF8FB781846DC
:1025D00000F008FA00F068F800BF0837BD4680BD7B
:1025E00080B500AF0648FFF7A9FA0548FFF776FD6A
:1025F0000348FFF788FD0248FFF760FD00BF80BD7C
:1026000000C0064080B588B000AF03460A46FB71A3
:102610001346BB71204BD3F81C3623F440231E4ACB
:1026200043F40023C2F81C361C4B01221A701A4BCB
:10263000D3F81C3623F44013174A43F40013C2F8AE
:102640001C36174B01221A7007F108031621184691
:10265000FDF752FE0023BB8317233B8117237B81A9
:102660007B23BB817B23FB81BB799BB23B82002315
:102670007B825323FB82FB799BB23B8301237B83C9
:102680000223BB8207F1080319460648FFF78CFEB8
:1026900000BF2037BD4680BD00F00640A801DE42E5
:1026A000AC01DE420082034080B588B000AF3B1D24
:1026B0001C211846FDF720FE1C21AC48FDF71CFE2E
:1026C0001C21AB48FDF718FE00BFFEF78DFE034648
:1026D000002B14BF01230023DBB2002BF5D1A34A4A
:1026E000137843F003031370A04A137823F00C030C
:1026F00013709E4A137843F0100313709B4A1378AB
:10270000032161F347131370984A5378022161F350
:1027100001035370954A537823F01C035370934A76
:102720005378052161F347135370904A9378102131
:1027300061F3050393708D4A937843F040039370DF
:102740008A4A937823F080039370884AD3780121D2
:1027500061F30103D370854AD37823F00C03D3705F
:10276000824B1B681B0EDAB2804B1B681B0DDBB261
:102770005340DAB27D4B1B681B0CDBB25340DAB21C
:102780007A4B1B681B0BDBB25340DAB2774B1B68EA
:102790001B0ADBB25340DAB2744B1B681B09DBB275
:1027A0005340DBB203F00F03D9B2704AD37861F320
:1027B0000713D3706D4B0122DA806C4B00221A7123
:1027C0006A4B1A79694B5A7100F0C4FD03461A46E8
:1027D000664B9A60654B674ADA60644A634B5B6894
:1027E0001361624B9B68614A53610021DB20FEF755
:1027F000FBFE5E4A137F43F0030313775B4A137FAC
:1028000023F00C031377594A137F43F01003137717
:10281000564A137F052161F347131377534A537FB9
:10282000022161F301035377504A537F052161F37D
:10283000840353774D4A537F23F0E00353774B4A89
:10284000937F102161F305039377484A937F43F008
:1028500040039377454A937F23F080039377434A5D
:10286000D37F012161F30103D377404AD37F23F063
:102870000C03D3773D4BDB691B0EDAB23B4BDB69B4
:102880001B0DDBB25340DAB2384BDB691B0CDBB2F9
:102890005340DAB2354BDB691B0BDBB25340DAB283
:1028A000324BDB691B0ADBB25340DAB22F4BDB69D8
:1028B0001B09DBB25340DBB203F00F03D9B22B4A42
:1028C000D37F61F30713D377284B01225A84274B18
:1028D000002283F82020254B93F82020234B83F8F7
:1028E0002120224B244A5A6200F048FD03461A4632
:1028F0001E4B9A621D4A1D4B1B6AD3621B4B9B6A7F
:102900001A4A53631C21DA20FEF76EFE174B7B60D8
:1029100000233B7200237B720023BB720023FB72F7
:1029200007233B7301237B73144BFB61144BBB6187
:102930003B1D1846FEF780FD0220FEF779FE0320BE
:10294000FEF776FE0520FEF773FEDB20FEF7ACFEF9
:10295000DB20FEF7F7FEDA20FEF7A6FEDA20FEF710
:10296000F1FE00BF2037BD4680BD00BF8007FD1FC0
:102970009C07FD1F04C0064000C0064085290000DA
:10298000B529000080B582B000AF00F0E3FC7860AC
:102990007B68002B01D100F0D3FA7B68044A936076
:1029A000DB20FEF7F1FE00BF0837BD4680BD00BF4B
:1029B0008007FD1F80B582B000AF00F0DFFC7860BB
:1029C0007B68002B01D100F0BBFA7B68044A93625C
:1029D000DA20FEF7D9FE00BF0837BD4680BD00BF34
:1029E0008007FD1F80B59EB000AF0346FB7107F165
:1029F0006C030B211846FDF77FFC07F138033421E7
:102A00001846FDF779FC07F10C032C211846FDF759
:102A100073FC2720FEF7F2FA724BD3F8603623F0EE
:102A20000303704A43F00103C2F860366E4B012283
:102A30001A706C4BD3F8603623F44063694A43F450
:102A40008063C2F86036694B01221A70654BD3F877
:102A5000603623F44073634A43F48073C2F86036EF
:102A6000634B01221A705F4BD3F8603623F03003BA
:102A70005C4A43F01003C2F860365E4B01221A70C4
:102A8000584BD3F8603623F0C003564A43F0400356
:102A9000C2F86036584B01221A705848FFF766F8A2
:102AA000FFF73CF8564A136843F002031360002313
:102AB0007B63002387F86C30002387F86D30002398
:102AC00087F86E30002387F86F30002387F8703066
:102AD000002387F87130002387F87230002387F8CD
:102AE0007330002387F87430002387F87530002393
:102AF00087F87630002387F83830FB790C2B02D129
:102B00004FF4B0737B87FB79182B01D140237B876F
:102B1000FB79002B01D120237B87FB791C2B01D172
:102B200060237B87002387F83C30002387F83D3003
:102B3000002387F83E30012387F83F30002387F8D1
:102B40004030002387F84130002387F842300023CB
:102B500087F84330002387F84430012387F8453055
:102B6000002387F84630002387F84730002387F892
:102B70004830012387F849300F2387F84A300F2364
:102B800087F84B3003233B65042387F85830042330
:102B900087F85930002387F85A30002387F85B30D4
:102BA000002387F85C30012387F85D30012387F824
:102BB0005E30144B01221A70134B01221A7007F178
:102BC0006C033B6607F10C037B66012387F86830D2
:102BD00007F1380319460948FEF7E0FF00BF7837D0
:102BE000BD4680BD00F00640B402DE42B802DE42BF
:102BF0008001DE428401DE42BC02DE4200C00640AB
:102C000000D003402005D8426005D84280B588B086
:102C100000AF786007F10C0314211846FDF76CFB38
:102C200000233B737B683B6100233B7500237B756E
:102C30000023BB750023FB7500233B7600237B76C6
:102C40000023BB760023FB611C4BD3F81C3623F01A
:102C500030031A4A43F01003C2F81C36184B012205
:102C60001A70184B00221A70144BD3F81C3623F03C
:102C7000C003124A43F04003C2F81C36124B012233
:102C80001A7007F10C0319461048FDF7AFFC034614
:102C9000002B14BF01230023DBB2002B01D000BFA7
:102CA000FDE700210948FDF739FE01210748FDF73E
:102CB00035FE00BF2037BD4680BD00BF00F0064096
:102CC0000401DE427CA0DE420801DE4200800340B7
:102CD00080B487B000AF0023BB7500237B75012350
:102CE0007B752B4B00221A702A4B7A7D1A702A4B67
:102CF00001221A70294B00221A700023BB74002392
:102D00007B7401237B74264B00221A70254B7A7C3E
:102D10001A70254B01221A70244B00221A700023CE
:102D2000BB7300237B7301237B73214B00221A703A
:102D3000204B7A7B1A70204B01221A701F4B002205
:102D40001A700023BB7200237B7201237B721C4B21
:102D500000221A701B4B7A7A1A701B4B01221A70D0
:102D60001A4B00221A700023BB7100237B710023D1
:102D7000BB71174BBA791A70164B00221A70164B9A
:102D800000221A7000BF1C37BD465DF8047B7047F7
:102D900028A0DE42A880DE42A840DE42A800DE4233
:102DA00048A0DE428885DE428845DE428805DE4254
:102DB00020A0DE42A080DE42A040DE42A000DE4233
:102DC00000A0DE428080DE428040DE428000DE42A3
:102DD0000021DE420041DE420001DE4280B483B0C9
:102DE00000AF03460A46FB711346BB71FB79042B07
:102DF0001DD801A252F823F0152E00001D2E000050
:102E0000252E00000D2E00002D2E00000B4ABB7950
:102E100013700CE00A4ABB79137008E0094ABB79C9
:102E2000137004E0084ABB79137000E000BF00BFD4
:102E30000C37BD465DF8047B704700BF8080DE42E2
:102E4000A880DE428885DE42A080DE4280B483B066
:102E500000AF0346FB71FB79042B21D801A252F885
:102E600023F000BF812E0000892E0000912E00006B
:102E7000992E0000792E00000D4B1B78DBB210E07C
:102E80000C4B1B78DBB20CE00B4B1B78DBB208E081
:102E90000A4B1B78DBB204E0094B1B78DBB200E085
:102EA000002318460C37BD465DF8047B704700BF11
:102EB0000061DE42A860DE428865DE42A060DE423C
:102EC0008060DE4280B582B000AF786015E000BF60
:102ED00004210E48FDF748FD0346012B14BF0123D2
:102EE0000023DBB2002BF3D17B681B78194607481F
:102EF000FDF790FD7B6801337B607B681B78002BBE
:102F0000E5D100BF00BF0837BD4680BD008003404B
:102F10000FB480B596B000AF07F164037B65381D30
:102F20007B6D3A6E502100F0BDFD3B1D1846FFF74A
:102F3000C9FF00BF5837BD46BDE8804004B07047A8
:102F400080B500AF01210120FFF748FF01210220D9
:102F5000FFF744FF00210020FFF740FF0248FFF782
:102F6000D7FF00BFFDE700BF3CA5000080B487B0DD
:102F700000AFF860B9607A604FF480737B6114E051
:102F8000FB681B68190CBB689A1CBA600AB21A80ED
:102F9000FB6819687B689A1C7A600AB21A80FB6821
:102FA0000433FB607B69013B7B617B69002BE7D1CC
:102FB00000BF00BF1C37BD465DF8047B704780B47E
:102FC00089B000AFF860B9607A604FF48073FB613C
:102FD0001AE0FB68B3F900309BB2BB61BB68B3F980
:102FE00000309BB27B61BB6919047B681A1D7A6053
:102FF0007A690A431A60FB680233FB60BB680233DC
:10300000BB60FB69013BFB61FB69002BE1D100BFA9
:1030100000BF2437BD465DF8047B704780B582B0A1
:1030200000AF786001210020FFF7D8FE01210120C8
:10303000FFF7D4FE01210220FFF7D0FE7B68032BAF
:1030400017D07B68032B1DDC7B68012B03D07B68CA
:10305000022B05D016E000210120FFF7BFFE11E092
:1030600000210020FFF7BAFE00210220FFF7B6FE84
:1030700008E000210020FFF7B1FE00210120FFF74A
:10308000ADFE00BF00BF0837BD4680BD80B58EB025
:1030900000AF122200214FF4E130FFF784FA9A4A80
:1030A0009A499B48FFF734FF00210320FFF796FE63
:1030B000984800F0E8F9984800F0E5F94FF480628C
:1030C0000021964800F02AFD4FF4806200219448C8
:1030D00000F024FDFFF784FA002387F83730914B86
:1030E0003B630123FB620120FFF798FF00BF8B4980
:1030F000884800F0D7F9034683F00103DBB2002BC8
:10310000F5D1894A89498548FFF730FF0420FFF748
:103110009DFE0346002B0CBF01230023DBB2002BD6
:1031200002D0012387F8373097F83730002B07D0CB
:103130000420FFF78BFE0346012B01D1012300E0A1
:103140000023002B25D0FB6A012B07D1784B3B6372
:103150000223FB627748FFF7DBFE14E0FB6A022BD9
:1031600007D1754B3B630323FB627448FFF7D0FE26
:1031700009E0FB6A032B06D16A4B3B630123FB6228
:103180006F48FFF7C5FEF86AFFF748FF002387F88E
:1031900037306C4B1B68BB624FF0FF337B62002300
:1031A0003B620023FB613AE00023BB6100237B61AB
:1031B0001AE05E4A7B6932F9133019467A69FB6975
:1031C00013445A4203F0070302F0070258BF534268
:1031D0009B003A6B13441B6801FB03F3BA69134469
:1031E000BB617B6901337B617B69FF2BE1DDBB69DF
:1031F000002B02DABB695B42BB61524B1B68FA6968
:103200009A4201D1BB693B62BA697B6A9A4203DD8B
:10321000BB697B62FB69BB62FB690133FB61FB69D4
:10322000072BC1DD3A6A13465B0013449B00464AF4
:1032300082FB03129210DB17D31A7A6A9A4202DDDC
:10324000404ABB6A136000233B610023FB6046E0F9
:10325000364AFB6832F9133019463A4B1A68FB6854
:1032600013445A4203F0070302F0070258BF5342C7
:103270009B003A6B13441B6801FB03F33A69134448
:103280003B61FB685A4203F0070302F0070258BF94
:103290005342072B20D13B69002B00DA0733DB10A8
:1032A0007B600023BB6012E0FA68BB68D31A7A68BF
:1032B00011B2264A22F81310FA68BB68D31A7A684A
:1032C00011B2234A22F81310BB680133BB60BB68FC
:1032D000072BE9DD00233B61FB680133FB60FB68E2
:1032E000FF2BB5DD0E4A1A491848FFF768FE00BFEC
:1032F0000B49094800F070F9034683F00103DBB283
:10330000002BF5D1F2E600BFACA50000B8A5000087
:10331000C4A50000B807FD1FC413FD1FD01FFD1F6B
:10332000D023FD1F4CA50000D029FD1FD027FD1F75
:103330006CA50000CCA500008CA50000D8A500005D
:10334000E4A50000D02FFD1F67666666D02BFD1F29
:10335000D02DFD1F80B582B000AF074800F0EDF81A
:1033600078607B68002B01D1FFF7EAFD7B68184687
:103370000837BD4680BD00BFC413FD1F80B582B0B5
:1033800000AF074800F078F978607B68002B01D126
:10339000FFF7D6FD7B6818460837BD4680BD00BFE5
:1033A000B807FD1F80B500AF034800F051F803488F
:1033B00000F04EF800BF80BDB807FD1FC413FD1F0D
:1033C00080B500AFFFF7EEFF80BD000080B483B092
:1033D00000AF0346FB7197F90730002B0BDBFB793D
:1033E00003F01F02074997F907305B09012000FA33
:1033F00002F241F8232000BF0C37BD465DF8047B84
:10340000704700BF00E100E080B483B000AF034626
:10341000FB7197F90730002B12DBFB7903F01F02D9
:103420000A4997F907305B09012000FA02F22033BC
:1034300041F82320BFF34F8F00BFBFF36F8F00BF52
:1034400000BF0C37BD465DF8047B704700E100E02B
:1034500080B483B000AF78607A687B68C3F8002CD2
:103460007A687B68C3F8042C7B68002283F8082CF8
:103470007B68012283F8092C7B6818460C37BD460F
:103480005DF8047B704780B582B000AF78607B68E0
:103490004FF440620021184600F040FB00BF08379F
:1034A000BD4680BD80B584B000AF786039607020C3
:1034B000FFF7AAFF7B68D3F8002C7B68D3F8043CA5
:1034C0009A420CD17B6893F8083C83F00103DBB28D
:1034D000002B04D07020FFF779FF002329E0702033
:1034E000FFF774FF4FF48073FB600EE07B68D3F846
:1034F000002C111D7B68C3F8001C3B68191D396046
:1035000012681A60FB68013BFB60FB68002BEDD181
:103510007B68D3F8002C7B6803F540639A4203D3A1
:103520007A687B68C3F8002C7B68002283F8082C3B
:10353000012318461037BD4680BD80B582B000AF6C
:1035400078607B6893F8093C83F00103DBB2002BC1
:103550002DD07B68D3F8003C03F580627B68C3F80C
:10356000002C7B68D3F8002C7B6803F540639A42FB
:1035700003D37A687B68C3F8002C7B68002283F849
:10358000082C7B68D3F8002C7B68D3F8043C9A4263
:1035900009D17B6893F8083C83F00103DBB2002B70
:1035A00001D0FFF7CDFC7B68D3F8003C10E07B68CE
:1035B000D3F8002C7B6803F540639A4201D3FFF7F0
:1035C000BFFC7B68002283F8092C7B68D3F8003CA1
:1035D00018460837BD4680BD80B584B000AF78601E
:1035E00039607020FFF710FF7B68D3F8042C7B68EC
:1035F000D3F8003C9A4209D17B6893F8083C002B31
:1036000004D07020FFF7E2FE002331E04FF4807316
:10361000FB600EE03A68131D3B607B68D3F8043C06
:10362000181D7968C1F8040C12681A60FB68013B28
:10363000FB60FB68002BEDD17B68D3F8042C7B6822
:1036400003F540639A4203D37A687B68C3F8042C7D
:103650007B68D3F8042C7B68D3F8003C9A4203D1F2
:103660007B68012283F8082C7020FFF7AFFE01234E
:1036700018461037BD4680BD80B582B000AF786077
:103680007B6893F8093C83F00103DBB2002B2AD05E
:103690007B68D3F8043C03F580627B68C3F8042C94
:1036A0007B68D3F8042C7B6803F540639A4203D30C
:1036B0007A687B68C3F8042C7B68D3F8042C7B6899
:1036C000D3F8003C9A4203D17B68012283F8082C8E
:1036D0007B6893F8083C002B01D0FFF731FC7B6836
:1036E000D3F8043C10E07B68D3F8042C7B6803F526
:1036F00040639A4201D3FFF723FC7B68002283F8E2
:10370000092C7B68D3F8043C18460837BD4680BDB9
:10371000A3F5803A704700BF174B002B08BF134B2F
:103720009D46FFF7F5FF00218B460F461348144ACC
:10373000121A00F0F3F90E4B002B00D098470D4BF6
:10374000002B00D098470020002104000D000D48F8
:10375000002802D00C4800F027FB00F08BFA200074
:103760002900FFF793FC00F057F800BF00000800A5
:10377000000000000000000000F0FF1F6407FD1FB4
:103780000833FD1FA93D0000616400000348044B9D
:10379000834202D0034B03B1184770476407FD1FF3
:1037A0006407FD1F000000000548064B1B1AD90FD7
:1037B00001EBA301491002D0034B03B11847704736
:1037C0006407FD1F6407FD1F0000000010B5064CD4
:1037D000237843B9FFF7DAFF044B13B10448AFF382
:1037E00000800123237010BDD42FFD1F00000000B6
:1037F000DCA9000008B5054B1BB105490548AFF32E
:103800000080BDE80840FFF7CFBF00BF0000000008
:10381000D82FFD1FDCA9000008B50021044600F0E8
:1038200063FA034B1B6803B19847204606F0E4F99E
:103830002831FD1F024A0349034800F0C9B800BF00
:103840007C00FD1F756100009000FD1F0C4B41685E
:10385000994210B5044601D002F08CFCA168094BD6
:10386000994202D0204602F085FCE168064B99425D
:1038700004D02046BDE8104002F07CBC10BD00BF63
:10388000F02FFD1F5830FD1FC030FD1F2DE9F843FC
:10389000314A324C3249DFF8DC90DFF8DC80314FBE
:1038A0001160002504232946082204F15C00C4E9C4
:1038B00003352D4EA560C4E90055C4E9055565667C
:1038C00000F02CF904F15800C4E90749C4E909875C
:1038D000E66200F0F7F92946244B6367082204F1F9
:1038E000C400C4E91A55C4E91E552567C4F8CC5074
:1038F000C4F8805000F012F904F1680304F1C0002C
:10390000C4F88430C4E92298C4E9247600F0DAF9D6
:10391000174BC4F8DC30294604F596700822C4E938
:103920003455C4E93855C4F8D850C4F83451C4F8F3
:10393000E85000F0F3F804F1D003C4E93D87C4F87F
:10394000F09004F59470C4F8FC60C4F8EC30BDE865
:10395000F84300F0B7B900BF2831FD1FF02FFD1F5D
:1039600035380000793A00009D3A00000900010056
:1039700012000200153A0000393A000010B5044662
:103980000A4800F0A3F9636B23B9094B094A1B6885
:10399000626323B1BDE81040044800F099B9FFF715
:1039A00075FFBDE81040014800F092B93831FD1FA5
:1039B0002831FD1F4D380000014800F087B900BFD5
:1039C0003831FD1F014800F083B900BF3831FD1FB9
:1039D0002DE9F8430746884616464FF00009D6E918
:1039E0000154013D10D4A389012B08D9B4F90E303C
:1039F00001332146384602D0C04749EA0009013D5B
:103A00006B1C04F16804EED13668002EE7D14846FD
:103A1000BDE8F88310B50C46B1F90E1000F0F8F8C7
:103A2000002803DB236D0344236510BDA38923F421
:103A30008053A38110BD00BF2DE9F0410C46B1F9C0
:103A40000C101F46CB05054616460BD421F48051B9
:103A5000A1813B46B4F90E1032462846BDE8F0413C
:103A600000F0ECB8B4F90E100223002200F0BAF80E
:103A7000B4F90C10EAE700BF10B50C46B1F90E100E
:103A800000F0B0F8B4F90C30421C0EBF23F48053A0
:103A900043F480532065A38110BD00BFB1F90E101F
:103AA00000F08EB810B51C4C002924689AB02DDBAC
:103AB000009004904FF40270ADF80C004FF000003D
:103AC000199013D001394FF6FF7002910591ADF8AE
:103AD0000E006946204600F083FD421C01DA8B236C
:103AE0002360009B00221A701AB010BD4FF6FF70C1
:103AF00002910591ADF80E006946204600F070FD78
:103B0000431C01DA8B2323601AB010BD8B23236082
:103B10004FF0FF30F8E700BF8800FD1F830730B586
:103B200047D0541E002A3ED0CAB2034601E0013CF1
:103B300039D303F8012B9D07F9D1032C2CD9CDB231
:103B400005EB05250F2C05EB054535D9A4F1100231
:103B500022F00F0C03F1100EE6444FEA121C1A4635
:103B6000C2E90055C2E9025510327245F8D10CF194
:103B7000010214F00C0F03EB021204F00F0C13D02F
:103B8000ACF1040323F003030433134442F8045B51
:103B90009342FBD10CF003042CB1C9B21C4403F8CE
:103BA000011BA342FBD130BD64461346002CF4D167
:103BB000F9E703461446C0E71A46A446E0E700BF0B
:103BC00038B5074D0022044608462A60FEF782FCFD
:103BD000431C00D038BD2B68002BFBD0236038BDC0
:103BE0002C31FD1F38B50C46084D84461146204641
:103BF0001A4600232B606446FEF7ABFC431C00D042
:103C000038BD2B68002BFBD0236038BD2C31FD1F45
:103C100038B50C46084D8446114620461A46002306
:103C20002B606446FEF7A3FC431C00D038BD2B6814
:103C3000002BFBD0236038BD2C31FD1F38B50C465E
:103C4000084D8446114620461A4600232B606446E0
:103C5000FEF79BFC431C00D038BD2B68002BFBD02B
:103C6000236038BD2C31FD1F014B1868704700BF21
:103C70008800FD1F70B50F4B0F4DAB42A3EB05063F
:103C800007D0B610002455F8043B01349847A642EB
:103C9000F9D806F047FC094D094B5E1BAB424FEAD1
:103CA000A60606D0002455F8043B01349847A642E6
:103CB000F9D870BD5407FD1F5407FD1F5407FD1FA1
:103CC0006007FD1F704700BF704700BF704700BF0F
:103CD000704700BF024B13B1024800F065B870474F
:103CE00000000000616400002DE9F04F2C4B2D4FC7
:103CF00083B082461868CDF804A08B46FFF7E6FF34
:103D00003E684EB34FF000094FF001087468651E1D
:103D100022D4013406EB8404BBF1000F23D1736875
:103D20002268013BAB420CBF7560C4F8009072B1D1
:103D3000D6F88811D6F804A008FA05F30B421CD176
:103D4000904773683A68534523D1B24221D1013D6F
:103D50006B1CA4F10404DFD1114B186803B0BDE85B
:103D6000F04FFFF7B5BFD4F800315B45D7D0013D28
:103D70006A1CA4F10404F6D1EEE7D6F88C01D4F85D
:103D80008010034209D10198904773683A685345FF
:103D9000DBD0002AE0D01646B8E708469047D0E7C7
:103DA000D001FD1F3C31FD1F002301461A46184675
:103DB00002F084BC2DE9F84306460820894602F04B
:103DC00063FBDFF8A4800546304600F0FDFBD8F821
:103DD00008305F6827F00307A7F11104A4EB09047A
:103DE0002C44B4FBF5F4013C05FB04F4A54208DCCB
:103DF0000021304602F022FBD8F808303B449842BC
:103E000005D0304600F0E6FB0020BDE8F8836142B3
:103E1000304602F013FB01300FD0114AD8F80830B9
:103E20003F1B47F001075F60136830461B1B1360A0
:103E300000F0D0FB0120BDE8F8830021304602F0FD
:103E4000FDFAD8F80820831A0F2BDADD43F00103BE
:103E50005360044B02491B68C01A0860D1E700BFD9
:103E60004031FD1FD401FD1FE001FD1F00297CD062
:103E70002DE9F0410C46804600F0A6FB54F8043CC6
:103E8000754FA4F1080523F001016818BE68426867
:103E9000864222F0030200F08380DE07426000EBDE
:103EA000020C33D454F8084CDCF804302D1B2144A8
:103EB000AC6807F1080C644503F0010364D0D5F841
:103EC0000CE0C4F80CE0CEF80840002B00F0818034
:103ED00041F001036B600160B1F5007F22D2786888
:103EE000CB080122490901338A40024357F83310B5
:103EF0007A6007EBC302083AC5E9021247F833506B
:103F0000CD604046BDE8F04100F064BBDCF8043011
:103F1000DB072BD541F00103B1F5007F44F8043CE9
:103F20000160DCD3B1F5206F4FEA512353D28B09E6
:103F300003F1390003F13802C300F818FB580838C0
:103F4000984203D161E09B68984204D05A6822F0FD
:103F500003028A42F7D8D868C5E902308560DD607F
:103F60004046BDE8F04100F035BB7047114407F111
:103F7000080C836863453FD0C268DA60936041F003
:103F800001036B606950A7E7002B5FD10A44D0E9B9
:103F90000213CB60996042F001036B60AA50B0E756
:103FA000DB070A4407D454F8083CED1A1A44D5E953
:103FB0000213CB60996042F001036B60274BBD6038
:103FC0001B6893429DD8264B40461968FFF7F2FEC6
:103FD00097E71144CDE7142B08D9542B1DD80B0BB0
:103FE00003F16F0003F16E02C300A6E703F15C006A
:103FF00003F15B02C300A0E741F00103C7E90455E8
:10400000C5E902CC6B6069507BE7796892100124A6
:1040100004FA02F20A437A609EE7B3F5AA7F06D853
:10402000CB0B03F1780003F17702C30085E740F280
:104030005452934206D88B0C03F17D0003F17C02AD
:10404000C3007AE74FF47E737E2276E741F00103E6
:104050006B60016055E700BFE001FD1FD801FD1F47
:104060007031FD1F2DE9F04F01F10B05162D83B0C6
:10407000064623D8102900F2AF8000F0A5FA1025DB
:1040800018230220B74F3B44A3F108025C68944216
:1040900000F01E816368E268A16823F00303CA6030
:1040A0002344304691605A6842F001025A6000F0A1
:1040B00091FA0834204603B0BDE8F08F35F00705CB
:1040C00000F18A80A94200F2878000F07DFAB5F500
:1040D000FC7FC0F06E816B0A00F08280042B00F23E
:1040E0001D81AB0903F1390003F1380EC3009D4F68
:1040F0003B44A3F1080C5C68A44507D10DE0002AFD
:10410000E16880F2DF808C4507D00C46636823F0BD
:1041100003035A1B0F2AF2DD7046DFF860823C6908
:10412000444500F0BC80636823F0030CACEB05034E
:104130000F2B00F34281002BC7E9048880F22D8108
:10414000BCF5007FD7F804E080F0C8804FEADC01BE
:1041500001314FEA5C1C012303FA0CF357F83120BC
:10416000A2604EEA030E07EBC103083BE360C7F809
:1041700004E047F83140D46083104FF0010C0CFA92
:1041800003FCF44532D81CEA0E0F08D120F00300DE
:104190004FEA4C0C1CEA0E0F00F10400F8D007EBBC
:1041A000C00AD6468146DEF80C300BE0596821F093
:1041B00003014A1B0F2A1C46DB6800F3BB80002A60
:1041C00080F2DE809E45F1D109F1010919F0030F5B
:1041D0000EF1080EE7D119E10C233360002469E7E2
:1041E0004FF4007340204FF03F0E80E7BC686368D7
:1041F00023F00309A94503D3A9EB05030F2B51DCD9
:10420000594B1B68082003F1100804EB09030093C5
:1042100002F03AF9554A13680133A844834605D0A1
:1042200008F1FF388044434203EA0808414630461B
:1042300002F004F9B0F1FF3F4C4A824600F0D8800A
:10424000009B834200F2D280494B186840440BF136
:10425000FF311860844640F0FC801AEA010F40F0FC
:10426000F880D7F808A0C84448F00102CAF8042032
:10427000404B1968814238BF18603F4B1968814232
:1042800038BF1860544622F00308A845A8EB050380
:1042900001D30F2B06DC304600F09CF99EE7D7F8DF
:1042A00004E069E7621943F0010345F00105656028
:1042B0003046BA60536000F08DF90834204603B0F0
:1042C000BDE8F08FA2682344D16030468A60EAE6F8
:1042D000DC68A3427FF4DEAE02301EE7BCF5206F3F
:1042E0004FEA5C227BD3142A00F2128102F15C03B4
:1042F000DB005B32F918FB580839994203D1ECE036
:104300009B68994204D05A6822F003026245F7D8AC
:10431000D968C4E902318C60DC602DE7142B6AD9BE
:10432000542B00F2FE802B0B03F16F0003F16E0E95
:10433000C300DCE6D4F808C03046661945F0010534
:104340006560CCF80C30C3F808C042F00103C7E93F
:104350000466C6E902887360625000F03BF90834D5
:10436000A8E600BFE001FD1F7031FD1FD401FD1F55
:104370004031FD1F6C31FD1F6831FD1FE801FD1F3D
:10438000214430464A6842F001024A6054F8082F3E
:10439000D3609A6000F01EF98CE6A4443046DCF845
:1043A000043043F00103CCF8043000F013F9083472
:1043B00080E6E80805F1080364E6621943F00101AC
:1043C00045F0010565603046C7E90422C2E902886C
:1043D000516044F80C3000F0FDF808346AE64FEA0A
:1043E0009C1202F13903DB00383283E7BC4228D04B
:1043F000BC68626847E703F15C0003F15B0EC30031
:1044000075E65AF80839534540F0D98010F0030F8B
:1044100000F1FF30F5D17B6823EA0C037B604FEAA3
:104420004C0C9C453FF6E2AEBCF1000F04D1DDE63A
:104430004FEA4C0C09F104091CEA030FF8D0484676
:10444000ADE6604B186808EB000C0BF1FF31C3F8C8
:1044500000C0106801306ED0009AAAEB02026244DC
:104460001A601AF00702CDE9002340D0C2F1080219
:104470009244D04408EA01005A44121A02EA010B9D
:104480005946304601F0DAFF421C019B6FD0A0EB89
:104490000A0000EB0B081868C7F808A048F00102F2
:1044A0005844BC42CAF8042018603FF4E1AEB9F1A8
:1044B0000F0F43D96168A9F10C0222F0070201F045
:1044C0000101114361604FF0050CA1180F2AC1E9E9
:1044D00001CC54D8DAF80420CAE692104FF0010C4F
:1044E0000CFA02F24EEA020EC7F804E011E70AEBFA
:1044F00008020A40ABEB020202EA010B59463046C1
:1045000001F09CFF431C019BC1D1DDF800B0C2E764
:10451000542A17D84FEA1C3202F16F03DB006E32C7
:10452000E8E6B3F5AA7F17D8EB0B03F1780003F1A7
:10453000770EC300DBE5C2F800A092E70123CAF8BA
:104540000430A8E6B2F5AA7F24D84FEADC3202F1A3
:104550007803DB007732CDE640F25452934224D800
:10456000AB0C03F17D0003F17C0EC300BFE5009AA4
:10457000083A9044A8EB0A084FF0000B8BE730464E
:1045800004F108010093FFF771FC009BD7F808A025
:1045900018689FE740F254539A420CD84FEA9C4265
:1045A00002F17D03DB007C32A4E64FF47E737F20B2
:1045B0004FF07E0E9BE54FF47E737E229AE67B6879
:1045C0002DE700BF4031FD1F0148FFF77FBB00BF53
:1045D0003031FD1F0148FFF77BBB00BF3031FD1FAD
:1045E0002DE9F04FD9B00C46099115460B9383463F
:1045F00001F020FF03681693184601F0C1FF002167
:104600001490082228A8FFF789FAA389190603D570
:104610002369002B00F05E879FED7F7B0023CDE9AF
:104620002D33CDE917338DED107B2FAA0E932C92ED
:10463000144615931C93199306932E46B246784B55
:10464000D3F8E45001F0F0FE28AA0346009224A912
:1046500052465846A847002800F0B180C0F2A78013
:10466000249A252A034601D09A44E8E7BAEB0607C4
:10467000054640F0A880002319464FF0FF328DF820
:10468000873007930AF1010A9AF8003005920491E5
:104690000AF1010AA3F120025A2A00F2C380DFE8DE
:1046A00012F0F402C100C100ED02C100C100C1005E
:1046B0006A00C100C1003F025102C1004A02060364
:1046C000C100FF025B005B005B005B005B005B0006
:1046D0005B005B005B00C100C100C100C100C10004
:1046E000C100C1003B01C100BE01D3023B013B013F
:1046F0003B01C100C100C100C100CC02C100C1002A
:104700008802C100C100C100E801C1005702C10018
:10471000C100B206C100C100C100C100C100C1009A
:10472000C100C1003B01C100BE011A023B013B01B7
:104730003B01A0021A027F00C100C202C100B30205
:10474000D80622037F00C100E8017C00AE06C1004C
:10475000C100DB06C1007C00A3F1300200211AF881
:10476000013B01EB810102EB4101A3F13002092A77
:10477000F5D907918EE7584601F05CFE436819931E
:10478000184601F0FDFE1C900546584601F052FE09
:1047900083681793002D40F0B7859AF8003077E7CB
:1047A000049B43F0200304939AF8003070E708223A
:1047B000002128A8FFF7B2F901239A443FE7BAEB9A
:1047C0000607054610D02E9B3B442E932D9B0133AC
:1047D000072BC4E900672D9315DC0834069B3B4486
:1047E0000693002D7FF447AF2E9B002B41F0938161
:1047F000099B9B8903F04003002B41F092830698AC
:1048000059B0BDE8F08F09992CAA584601F086FCF2
:104810000028EDD12FACE1E700000000000000000F
:10482000E805FD1F0C93002BDED000228DF8FC3034
:1048300001238DF8872002930A9208930592129221
:104840000F920D923FAE049B13F0020302D0029927
:104850000231029104992E9D11F0840805D1079927
:1048600002980F1A002F00F3A1806AB10122626042
:104870002D9A013201350DF18701072A2E952D92CF
:10488000216000F3DB8308346BB12D9B22AA013336
:1048900002352260072B4FF002022E952D936260A5
:1048A00000F3C1830834B8F1800F00F0C482059B87
:1048B000089A9F1A002F00F3FE82049BDA0500F18C
:1048C0002482089B63601D442D9B26600133072BC7
:1048D0002E952D9300F33F830834049B5A0705D58A
:1048E000079B029A9E1A002E00F3B583DDE906327B
:1048F00002998A42ACBF9B185B180693002D40F0CA
:104900000B8300232D930A9B1BB10A995846FFF78E
:10491000ADFA2FAC564691E60C930B9B073323F070
:104920000703B3EC027B58EC177B0B9328F0004392
:104930001B938DED1A7ADDE91A01AF4B4FF0FF3270
:104940008DED107B05F0B0FD002840F00285DDE91B
:104950001A01A94B4FF0FF3205F088FD002840F006
:10496000F884002200233846414605F075FD0028F2
:1049700041F021809DF88720049BA04E23F0800306
:1049800004939F4B0C994729D8BF1E46002303214F
:104990000A9302910891059312930F930D93002AA5
:1049A0003FF451AF029B013302934CE795492D9A96
:1049B0001391102F25DD21462846099C914D1D930A
:1049C0004FF0100904E0103F102F01F1080115DD30
:1049D00001321030072AC1E90059CDE92D20F2DD5E
:1049E0002CAA2146584601F099FB002840F09C82F1
:1049F000103F102FDDE92D202FA9E9DC1D9B0C466F
:104A000005460132139921603D44072ACDE92D2541
:104A1000676000F3D4869DF88720083425E70B9A59
:104A20000C93432B02F1040503D0049BDA0640F1FA
:104A30001785082200212AA8FFF770F80B9B3FAECC
:104A40001A6831462AAB584603F038FA0346013358
:104A5000089001F06182089B23EAE373029300222D
:104A60000B958DF887200A92059212920F920D9263
:104A7000E9E60B9F0C9357F8046B00238DF8873001
:104A8000002E00F016850C9B532B00F0BF86049B74
:104A900013F010030D9340F0B986059B002BC1F273
:104AA00045800D991A46304601F002FD0A90002813
:104AB00001F066820A9B991B0D9B0891059321EAE0
:104AC000E17112930F930A9373239DF887200B973C
:104AD00002910C9363E70C93049B9B0640F1BD800D
:104AE0000B9B073323F007031A46596852F8083B1B
:104AF0000B920A460029C0F2CA8305990029C0F228
:104B00008382049921F0800553EA020140F07D82FE
:104B1000059A002A40F07E820495089258AE60E122
:104B20000B9B53F8042B0792002A80F2DA83079A32
:104B30000B9352420792049B43F0040304939AF8A8
:104B40000030A5E52B238DF887309AF800309FE5DB
:104B50000C93049B43F0100515F0200200F07283C3
:104B60000B9B073323F0070319465A6851F8083B9B
:104B70000B9101210020059E8DF88700002EC0F2C8
:104B8000198125F08000049053EA020040F0118161
:104B9000002E40F02486002940F0808315F00103A8
:104BA000089300F0A38330238DF85F310DF25F1678
:104BB00017E10C93049B43F010030493049B13F040
:104BC000200200F055830B9B073323F0070319469F
:104BD0005A6851F8083B0B91049921F48065002133
:104BE000C8E79AF80030682B00F04E84049A42F02F
:104BF000400204924CE500BFFFFFEF7FF4A50000E8
:104C0000F0A50000A8A70000049B9D0640F190833A
:104C10000B9B069A1B681A60D2175A600B9B0433D1
:104C20000B9356460AE59AF800306C2B00F022846C
:104C3000049A42F0100204922AE5049B43F0080310
:104C400004939AF8003023E50C93049B43F010037F
:104C50000493049B9B063FF543AF04990B9ACF0640
:104C600052F8043B00F14B8304994E0640F1438611
:104C70000B9243F3C03211461BB23BE7049B43F057
:104C8000010304939AF8003002E59DF887209AF812
:104C90000030002A7FF4FCAC20228DF88720F7E456
:104CA000049B43F0800304939AF80030F0E45046EC
:104CB00010F8013B2A2B01F0E581A3F13002092A0B
:104CC00098BF002101F2E48010F8013B01EB810163
:104CD00002EB4101A3F13002092AF5D941EAE17260
:104CE00005928246D6E40B9A049B43F0020552F8E3
:104CF000043B0B9247F63002ADF8882078209B4A9F
:104D00001592022100220C9034E70C9B652B40F396
:104D10003381DDE910010022002305F093FB002818
:104D200000F0D2812D9B924A22600133013501228D
:104D3000072B2E952D93626000F35C850834239B2E
:104D40000E9A934280F2C882149B169A1D44C4E9BD
:104D500000232D9B2E950133072B2D9300F39E836B
:104D600008340E9B5E1E002E7FF7B7AD102E2D9BD4
:104D7000DFF8009240F3E580DDF82480102704E09E
:104D80000834103E102E40F3DC8001331035072B21
:104D9000C4E90097CDE92D35F2DD2CAA41465846ED
:104DA00001F0BCF9002840F0BF80DDE92D352FACC3
:104DB000E7E7049D012900F02881022958AE1FD1A0
:104DC000159803F00F011B09415C06F8011D43EA29
:104DD0000273120953EA0201F3D158AB9B1B0495ED
:104DE0000893059908989DF8872081424FF00003A9
:104DF000B8BF01460A93029112930F930D93CEE52B
:104E000003F00701DB0843EA4273D208303153EA6A
:104E10000207304606F8011DF2D1EF07DDD5302933
:104E2000DBD03023023806F8013C58AB1B1A04953E
:104E300008930646D5E7079B029A9F1A002F7FF733
:104E400036AD102F2D9BDFF82C9122DD2A464FF036
:104E500010084D46DDF8249004E0103F102F04F1B7
:104E6000080414DD01331032072BC4E90058CDE9E2
:104E70002D32F2DD2CAA4946584601F04FF90028A0
:104E800052D1103F102FDDE92D322FACEADCA946BC
:104E9000154601333D44072BCDE92D35C4F800906C
:104EA000676000F3DB84059B089A9F1A002F04F1CA
:104EB00008047FF702AD102F2D9BDFF8B8901FDD9F
:104EC0002A464FF01008099D04E0103F102F04F10E
:104ED000080414DD013327491032072BC4E90018F8
:104EE000CDE92D32F1DD2CAA2946584601F016F9FC
:104EF000D0B9103F102FDDE92D322FACEADC15467A
:104F000001333D44072BCDE92D35C4F8009067608F
:104F100000F38C810834D0E409992CAA584601F09A
:104F2000FDF800283FF4EDAC0A9B002B3FF460AC89
:104F30000A995846FEF79AFF099B9B8903F04003A4
:104F40005AE401333544072BC4F800906660CDE97C
:104F50002D357FF7C1AC09992CAA584601F0DEF82F
:104F60000028E1D12E9D2FACB7E400BF00A60000C1
:104F700030A6000098A700000E9B2D9F012B05F185
:104F8000010507F1010704F1080840F30B81012333
:104F9000072FCDE92D752660636000F38381149B94
:104FA000169A01371D44072FC8E90023CDE92D7556
:104FB00000F3858108F108080E9BDDE910015C1EF5
:104FC0000022002305F03EFA002840F0048101375A
:104FD00001362544072FCDE92D75C8F80060C8F8C3
:104FE000044000F3EB8008F10808189BC8F804306F
:104FF00001371D44072F26ABCDE92D75C8F80030C9
:10500000A9DC08F1080468E4049D0A2B72F1000190
:1050100080F05E8330338DF85F310123049508936F
:105020000DF25F16DDE609992CAA584601F076F8D4
:1050300000287FF479AF2E9D2FAC34E409991393A7
:105040002CAA584601F06AF800287FF46DAF2E9D17
:10505000139B2FAC18E4B44A2D9B1392102E1FDD26
:10506000DDF824801027914604E0103E102E04F154
:10507000080415DD01331035072BC4E90097CDE98D
:105080002D35F2DD2CAA4146584601F047F800289C
:105090007FF44AAF103E102EDDE92D352FACE9DC50
:1050A0000133139A3544072BC4E90026CDE92D3589
:1050B0007FF71CAC09992CAA584601F02FF800285C
:1050C0007FF432AF2E9D11E42399002940F35183E0
:1050D000DDE90D329342A8BF1346002B98460ADD46
:1050E0001D44C4E900632D9B2E950133072B2D939E
:1050F00000F3618608340D9FB8F1000FA8BFA7EB3D
:105100000807002F00F3F5810D9B33440593049BA2
:105110005F0500F11582239B0E9A9342C0F2A08294
:10512000049AD00700F19C820E9AB718D61A059BF4
:10513000FF1AB742A8BF3746002F0ADD23602D9B18
:10514000676001333D44072B2E952D9300F3658650
:105150000834002FA8BFF61B002E7FF7BEAB102E21
:105160002D9BDFF8C8917FF7ECAEDDF82480102787
:1051700004E00834103E102E7FF7E3AE0133103503
:10518000072BC4E90097CDE92D35F2DD2CAA414665
:10519000584600F0C3FF00287FF4C6AEDDE92D3588
:1051A0002FACE7E7049BD9073FF5F1AE0123072FAA
:1051B000CDE92D75266063607FF717AF09992CAA9A
:1051C000584600F0ABFF00287FF4AEAEDDE92D7548
:1051D0000DF1BC0809E70E9B012B7FF706AF112BE1
:1051E000DFF8489140F35C83CDF814A01026CA463E
:1051F000DDF8249005E008F10808103C102C40F37D
:105200004C8301371035072FC8E900A6CDE92D756D
:10521000F1DD2CAA4946584600F080FF00287FF4B3
:1052200083AEDDE92D750DF1BC08E6E709992CAADE
:10523000584600F073FF00287FF476AE2E9D2FAC09
:10524000FFF73BBB0B9915F0100051F8043B0CD154
:1052500015F0400604D00B919BB20246012189E46F
:1052600015F400721CBFDBB232460B91012181E4C0
:1052700004980B9910F0100051F8043B3DD1049AAA
:1052800012F0400534D09BB202460B91A4E45B427D
:10529000049D62EB42022D2001216CE4059B0893E2
:1052A00058AE9EE509992CAA584600F037FF002811
:1052B0007FF43AAEDDE92D750DF1BC086FE6099972
:1052C0002CAA584600F02AFF00287FF42DAEDDE915
:1052D0002D750DF1BC086FE6049BDB077FF5FDAA79
:1052E00032E50B939AF80030FFF7D2B958AE78E563
:1052F000049A12F4007240F009840B916CE40B9252
:10530000DA171146FFF7F6BB179A9AF80030002A11
:105310003FF4BEA91278002A3FF4BAA9049A42F4D5
:1053200080620492FFF7B4B9A8A7000098A7000014
:10533000049BD80600F1AB82049B590600F1E08380
:10534000049B9A0540F1A3820B9B069A1B681A7076
:1053500064E4DDE9100102460B4605F0A5F80028DB
:1053600040F01E860C9B612B00F03185412B00F034
:105370004E85059B013300F002840C9B23F0200333
:10538000472B00F0E1850A90DDE91001049A00291D
:1053900042F48079C0F2F9849DED107B8DED1E7B87
:1053A000002313930C9B413B252B00F22583DFE860
:1053B00013F02904230323032303EA03B50423037F
:1053C00023032303230323032303230323032303AD
:1053D000230323032303230323032303230323039D
:1053E000230323032303230323032303230323038D
:1053F00023032904230323032303EA03B504049DA1
:105400000C93FFF7A9BB0C93AD4B1593049B13F0C2
:10541000200200F033810B9B073323F0070319466A
:105420005A6851F8083B0B910498C1070BD553EA11
:10543000020108D00C998DF8891040F00201049106
:1054400030218DF88810049921F480650221FFF73E
:1054500091BB0C93FFF7B2BB0C939A4B1593D5E716
:105460000B9B1B688DF8FC300123029308933FAE21
:10547000FFF7F5BA049B43F0200304930AF1010AF5
:105480009AF80030FFF704B9049B43F400730493C7
:105490000AF1010A9AF80030FFF7FAB809992CAA24
:1054A000584600F03BFE00287FF43EAD2E9D2FAC09
:1054B00057E4059B0A96062B314628BF062305961E
:1054C00032460293804E0B97089312910F910D91E3
:1054D000FFF765BA40215846FEF7C4FD099B1860E6
:1054E0001861002800F00386099A40235361FFF7F2
:1054F00093B8102F2D9BDFF8D49140F30B824946CF
:105500002A46B146099D4FF010080E4604E00834C3
:10551000103F102F40F3FA8101331032072BC4E9FA
:105520000068CDE92D32F2DD2CAA2946584600F05C
:10553000F5FD00287FF4F8ACDDE92D322FACE7E76C
:105540000E9BCDF830A006EB03090F9BDDF85CA0A5
:10555000DDF848800D96002B22462946059C099DC2
:10556000CDF81490DDF8709031DDB8F1000F40F304
:105570003B8108F1FF382D98199B013049440728D9
:10558000C2E900392E912D9000F387800832059BE7
:105590009AF800001F1B8742A8BF0746002F0CDDAA
:1055A0002D98013039440728C2E900472E912D90EB
:1055B00000F360819AF800000832002FACBFC61BD0
:1055C0000646002E16DC04440F9B002BCDDCB8F100
:1055D000000FCEDCDDE90D632046F3189842144637
:1055E000024628BF1A46CDF85CA00D46DDF830A073
:1055F000059290E5102E2D98344B23DD089410274A
:1056000034461E4604E0103C102C02F1080216DD60
:1056100001302E4B10310728C2E90037CDE92D01AA
:10562000F1DD2CAA2946584600F078FD00287FF4C9
:105630007BAC103C102CDDE92D012FAAE8DC3346B1
:105640002646089C1360013031440728CDE92D011E
:10565000566000F3A2839AF8000008320444B3E7CE
:10566000149A16991544C4E900122D9A2E95013208
:10567000072A2D9200F3BE83083455E504980B9950
:1056800010F0100051F8043B17D1049A12F04005B5
:105690000ED09BB202460B91C6E62CAA294658466C
:1056A00000F03CFD00287FF43FAC2E992FAA6EE756
:1056B000049A12F4007240F01F820B91B4E600BF0E
:1056C00014A6000000A6000028A6000098A700006D
:1056D00000210894DFF81C93179CCDF810A005F466
:1056E000806758AE4FF0050802958C4605E00A2BFE
:1056F00072F1000234D353462A46991841F1000151
:10570000A9FB010525F0030000EB9500091A581AC2
:105710004FF0CC3562F1000E05FB00F5A0FB09A0AF
:1057200009FB0E550AF0010E0544AEFB080E4018A9
:105730004FEA5A0A303006F8010C4AEAC57A0CF1F1
:10574000010C013E6D08002FD1D021788C45CED1BF
:10575000BCF1FF0FCBD00A2B72F1000280F0E78082
:105760001794DDF810A0029D089CCDF838C0FFF713
:1057700034BB2D9B9E4A2260013301350122072B49
:105780002E952D93626000F31B810834002940F0B0
:105790009380049B0E9A03F0010313433FF49DA8EA
:1057A000149B169A1D44C4E900232D9B2E950133AA
:1057B000072B2D9300F3D68104F108028DE009999F
:1057C00013932CAA584600F0A9FC00287FF4ACAB38
:1057D0009DF887202E9D139B2FACFFF746B801291B
:1057E000049D7FF4EAAA15E40F9B013B0AF1FF3AFE
:1057F0000F93C0E609992CAA584600F08FFC0028A8
:105800007FF492AB2E9D2FACFFF799BA0DF1A8084B
:105810000822002140462596FEF780F9059B002BC3
:10582000C0F292800025029799462F460EE03FA9CC
:10583000584602F043FB431C384400F08F83484530
:1058400009DC05F1040500F0BD830746259A52598D
:105850004346002AEBD10897029F83E009992CAABE
:10586000584600F05BFC00287FF45EAB2E9D2FAC09
:10587000FFF71DB82CAA2946584600F04FFC002817
:105880007FF452AB9AF800002E992FAA95E60B9B55
:10589000069A1B681A60FFF7C1B9D146DDF814A05B
:1058A000C8F8009001372544072FCDE92D75C8F8B9
:1058B00004407FF798AB81E4149B169A1D44C4E919
:1058C00000232D9B2E950133072B2D9300F34A8146
:1058D00004F108020029C0F2E0820E99166001333B
:1058E0000D44072BCDE92D3551603FF734AB02F164
:1058F0000804FEF7F2BF04990B928D054ABF43F3EB
:10590000C012DA175BB21146FFF7F4B815463246FB
:105910004E46914601333D44072BCDE92D35C4F861
:105920000090676000F312810834FFF7EDBB1C9B09
:105930001999F61A1A46304600F042FD637803B111
:1059400001344FF0000CD6E600231946CDF8008054
:1059500025AA584602F0D8FA03460133089000F011
:10596000FD822596089B002B36D0632B00F3E48044
:1059700000230A933FAE082200214046FEF7CEF8EE
:10598000089DCDF800802B4625AA3146584602F0E6
:10599000BBFA854240F0A58308990B970023735406
:1059A00021EAE1719DF887200593029112930F93EC
:1059B0000D93FEF7F4BF2D228DF88720FEF7DCBF94
:1059C00009992CAA584600F0A9FB00287FF4ACAA3C
:1059D00023992E9D2FACD9E6089B9DF887200B9725
:1059E0000293059312930F930D930A93FEF7D7BF7B
:1059F00030A60000CDCCCCCC2AAB019325AB0093D4
:105A0000022123AB9DED1E0B059A584600F02CFF9A
:105A1000049BD907064600F1FC812A9B1B1A0E93B2
:105A2000239B0D930D9BDA1C03DB059A9A4280F2AF
:105A30008B810C9B023B0C930D9B013B9DF830200E
:105A400023930021002BB8BF0D9B8DF89820BABF7F
:105A5000C3F101032D222B22092B8DF8992040F34D
:105A600065820DF1AF05B34F2A461046A7FB03121E
:105A7000D20802EB8201A3EB4101303100F8011C96
:105A800019466329134600F1FF32EEDC303302F889
:105A9000013C831EAB4280F021830DF1990213F883
:105AA000011B02F8011FAB42F9D158AB181AA0F143
:105AB000AD0318930E9B189A012B1A44089240F3D9
:105AC0005882089B149A13440893049B089A23F461
:105AD000806343F48073049322EAE27200231293FA
:105AE00002920F930D93139B002B40F01B819DF8A6
:105AF00087200593FEF753BFDBB22A460B9193E450
:105B00000B9B069A1B681A80FFF788B8DBB22A46FF
:105B10000B91FFF761B8099C2CAA2146584600F06A
:105B2000FDFAA38903F04003FEF766BE304600F09D
:105B300027FD0146FEF7C0BF591C5846FEF792FAF2
:105B40000646002800F0DB820A9014E709992CAA87
:105B5000584600F0E3FA00287FF4E6A92E9D2FAC0A
:105B6000FFF7D2BA09992CAA584600F0D7FA0028B4
:105B70007FF4DAA9DDE92D3523992FAAAAE60623B9
:105B80000A90059300E4059B022103F101082AAB6A
:105B9000019325AB00939DED1E0B23AB4246584667
:105BA00000F062FE0C9B23F02007462F064600EB18
:105BB000080518BF452705D13378302B00F03C810C
:105BC000239B1D44DDE91E010022002304F03AFC62
:105BD000002840F059812A9BAB4206D230215A1C42
:105BE0002A9219702A9B9D42F9D8239A0D929B1BE9
:105BF000472F0E933FF416AF462F00F02B810D9BDD
:105C0000013B1BE723A89DED1E0B00F025FD0022A4
:105C10004FF07F5351EC100B04F0ACF902460B46E9
:105C2000CDE902230022002304F00CFC08B101237B
:105C30002393059B404A0C98CDF820A0591E3F4B5A
:105C40000D96612808BF1A463746A0460592DDE941
:105C500002458A46164609E0002200230AF1FF3970
:105C600004F0F0FB002840F0BB81CA46344B002210
:105C70002046294604F07EF90D46044604F02AFC2D
:105C8000814604F00DF902460B462046294603F0F2
:105C9000B9FF16F80930BAF1FF3F3A46044607F853
:105CA000013B0D46D8D1CDE90245264BDDF820A0B9
:105CB0000D9E4446904600224D4604F0EBFB002822
:105CC00000F0FF81059BCDF8A880D97B17F8012C47
:105CD00091423B4609D1302003F8010C2A9B5A1E01
:105CE0002A9213F8012C9142F6D0392A0BBF059A5B
:105CF0000132927AD2B203F8012C3B469B1B0C9ADC
:105D00000E93239B0D93612A03F1FF33239300F03D
:105D1000B381412150220C91012193E6DDF81480DA
:105D2000032134E72D2200238DF887200593FEF709
:105D300039BE00BFCDCCCCCC14A6000000A600001C
:105D4000000030400000E03FDDE90D23934200F306
:105D5000C480049B13F0010F0D9B00F00F81149A77
:105D600013440893049B5F0503D50D9B002B00F3A0
:105D70004781089B23EAE373029367230C93002374
:105D8000CDF8109012930F93ADE601F100431F93ED
:105D90002D231E901393FFF705BB2CAA29465846C6
:105DA00000F0BCF900287FF4BFA89AF800002E99F3
:105DB0002FAA044408E409992CAA584600F0AEF929
:105DC00000287FF4B1A82E9D2FACFFF794B978235B
:105DD0008DF88930049B43F00203049330238DF83F
:105DE0008830059B632B00F38E8000230A933FAE1F
:105DF000FFF7CABA09992CAA584600F08FF9002873
:105E00007FF492A8239B2E9D2FACFFF78DB95823CA
:105E1000DEE7059B4727C518D4E609992CAA584602
:105E200000F07CF900287FF47FA8239E0E9B2E9D16
:105E30009E1B2FACFFF78DB9DDE91E010022002368
:105E400004F000FB002800F01981239B0D931D44F2
:105E5000AB1B0E93049B0D99059A03F001030029D7
:105E600043EA020340F31A81002B40F0F2800D9BBD
:105E7000089366230C93049B5B0500F1C380089B89
:105E800023EAE37302937AE7239A0D922B46AEE658
:105E9000002282460592FEF7FDBB4F421031DFF82B
:105EA0007892B8BF102404DB21E00832103F102F95
:105EB0001DDD01331035072BC2E90094CDE92D35E6
:105EC000F3DD09992CAA584600F028F900287FF440
:105ED0002BA8DDE92D352FAAE8E70E9B149A9A1816
:105EE0000D9B0892002B71DD67230C93C3E70133F0
:105EF0003D44072BCDE92D35C2F80090576000F3E3
:105F0000AF800832E9E4591C5846FEF7ABF8064664
:105F100010B10A90FFF738BA099A938943F0400309
:105F200093814FF0FF330693FEF769BC002934D10B
:105F300030228DF89A200DF19B02303302F8013B9C
:105F400026ABD31A1893B5E5059B002B7FF41BAA4B
:105F5000059B0A9301230593FFF716BA099BB3F932
:105F60000C3000220A9243F04003099A9381FEF715
:105F7000DBBF049BDB077FF5A8ADA2E50893F1E644
:105F8000059B0293089373239DF887200B97059038
:105F900012900F900C93FEF702BD0DF19A02CCE720
:105FA000119B5A4E002B049BA8BF9DF8872023F01D
:105FB0008003B8BF2D220493B8BF8DF88720544BBF
:105FC000FEF7E0BC059B029F0893CBE4C3F10103FD
:105FD0001A4422EAE2730293672308920C93CEE6F6
:105FE00051460029DDF820A00D9E4446FFF685AEFF
:105FF0004B1C3B44302207F8012B9F42FBD17DE62E
:1060000067230C9317990B78FF2B74D000250D9AFA
:10601000284603E001300131FF2B08D0934206DA15
:10602000D21A4B78002BF5D10B780135F4E7179194
:106030000D920F901295129A0F9B1C99CDF810900B
:106040001344089A01FB0323089323EAE3730293A2
:1060500049E5149B1A445318089366230C930AE7E6
:1060600009992CAA584600F059F800287EF45CAF34
:10607000DDE92D352FAA30E470224DE6C8F1010389
:1060800023939EE50B9A9AF8013052F8041B0B9269
:1060900041EAE17182460591FEF7FABA2BB9012374
:1060A000662202930C92089369E6149B03F101089F
:1060B000059B4344089323EAE373029366230C93FE
:1060C0005DE6DDE90201134B002204F0BBF9002874
:1060D0003FF413AEE8077FF510AEF3E50223189303
:1060E000E8E4099BB3F90C3043F040033DE70C238F
:1060F000CBF8003015E7002312930F939BE7099B21
:106100000A90B3F90C3043F040032EE7FCA50000E1
:10611000F8A500000000E03F98A700002DE9F84333
:10612000154692682C68FAB180468946083401E029
:106130000834CFB16B68591E002B1746696013DD18
:1061400054F8046C002EF3D0334654F8082C49461A
:10615000404601F0E5FE431C07D0AA68921B174693
:10616000AA600834002FE5D100200023C5E90133DF
:10617000BDE8F88370B500293FD006460C4610B143
:10618000436B002B3CD0636EB4F90C20DD0732D496
:10619000900538D52146304600F04CF8E36A0546B4
:1061A00033B1E169304698470028B8BF4FF0FF355A
:1061B000A3891A0639D4216B41B104F140039942F5
:1061C00002D03046FDF752FE00232363616C21B1FB
:1061D0003046FDF74BFE00236364FDF7EDFB636E75
:1061E0000022DB07A2811CD5A06DFDF76DFDFDF738
:1061F000E9FB284670BD002ACCD10025284670BD99
:10620000FDF7BCFBBFE7A06DFDF760FDB4F90C30F6
:10621000002BBFD1636ED907EFD4A06DFDF758FDF9
:10622000EBE7A06DFDF754FDDEE721693046FDF791
:106230001DFEC0E7B1F90C202DE9F04116070C4610
:1062400080464ED4496842F400630029A38163DD8F
:10625000A56A002D42D0002112F48052D8F80060C7
:10626000C8F80010E16964D101234046A847451CE5
:1062700002466ED0B4F90C30A56AE169580705D51D
:106280006368D21A236B0BB1E36BD21A002340462A
:10629000A847431C4FD1D8F80010B4F90C301D2981
:1062A00040D8314ACA40D7073CD52269226023F43E
:1062B0000062A281DD044FF00002626001D5002976
:1062C00045D0216BC8F8006041B104F14003994208
:1062D00002D04046FDF7CAFD002323630020BDE83D
:1062E000F0810E69002EF9D00D680E6092070CBF88
:1062F0004B690023AD1B8B600BE02B463246E169F6
:10630000676A4046B847B0F1000CA5EB0C0566443F
:1063100006DD002DF1DCE1E7E16B002998DCDDE72B
:10632000B4F90C3043F04003A3814FF0FF30BDE8D7
:10633000F081226DA2E7B4F90C302269226023F4C7
:106340000062A281DB044FF000026260B9D52065D3
:10635000B7E7D8F80030002B8CD01D2B01D0162BBE
:10636000DED1C8F80060B9E70100402038B50C461E
:10637000054608B1436B03B3B4F90C0088B1636EF2
:10638000DB0701D481050FD528462146FFF752FFD0
:10639000636EDA07054602D4A3899B0508D5284613
:1063A00038BD0546284638BDA06DFDF78FFCEBE7EC
:1063B000A06DFDF78DFC284638BDFDF7DFFADBE761
:1063C00040EA01039B0710B501D1032A17D8844680
:1063D00001F1FF3E07E01EF8011F03F8011B541EE8
:1063E00029B19C4622466346002AF4D110BD94444C
:1063F000002CFBD003F8011B6345FBD110BD8E467A
:106400008446DEF80040A4F1013323EA040313F0CC
:10641000803F71460EF1040EDAD1043A032A4CF89B
:10642000044BEED87146D3E7014B93F8280170472F
:10643000E805FD1F00487047D806FD1F38B5074D19
:106440000022044608462A6003F0C8FB431C00D023
:1064500038BD2B68002BFBD0236038BD2C31FD1FCD
:1064600038B5074D074C2C1BA41005D0013C55F83E
:10647000043D9847002CF9D1BDE8384004F058B8E5
:106480006407FD1F6007FD1F082802D14FF48050EC
:10649000704708B5FDF7E8FB162303604FF0FF30A7
:1064A00008BD00BF00000000000000000000000068
:1064B00001F0FF01102A2BDB10F0070F08D010F8B5
:1064C000013B013A8B422DD010F0070F42B3F6D1B9
:1064D000F0B441EA012141EA014122F007047FF0D2
:1064E00000070023F0E80256083C85EA010586EA29
:1064F000010685FA47F5A3FA87F586FA47F6A5FA65
:1065000087F68EB9EED1F0BC01F0FF0102F0070270
:1065100032B110F8013B013A83EA010313B1F8D11B
:106520000020704701387047002D06BF35460338FC
:10653000073815F0010F07D1013015F4807F02BF35
:10654000013015F4C03F0130F0BC0138704700BF86
:10655000000000000000000000000000000000003B
:10656000000000000000000000000000000000002B
:10657000000000000000000000000000000000001B
:1065800030B490F800F020F007016FF0000C10F02C
:10659000070491F820F040F048804FF000046FF0BD
:1065A0000700D1E9002391F840F000F1080082FAD9
:1065B0004CF2A4FA8CF283FA4CF3A2FA8CF34BBBA4
:1065C000D1E9022382FA4CF200F10800A4FA8CF21D
:1065D00083FA4CF3A2FA8CF3E3B9D1E9042382FAEB
:1065E0004CF200F10800A4FA8CF283FA4CF3A2FA00
:1065F0008CF37BB9D1E9062301F1200182FA4CF238
:1066000000F10800A4FA8CF283FA4CF3A2FA8CF39E
:10661000002BC6D0002A04BF04301A4612BAB2FAC0
:1066200082F200EBD20030BC7047D1E9002304F0C5
:106630000305C4F100004FEAC50514F0040F91F8FA
:1066400040F00CFA05F562EA05021CBF63EA050397
:1066500062464FF00004AAE770B555EC104B0646B1
:10666000134825F000430021834231601DD82046A5
:1066700018431AD00F4828402A4658B90E4B00221A
:106680002046294603F076FC0A4621F000430446E2
:106690006FF035011B156FF31E52A3F2FE3342F06B
:1066A0007F550B4445F40015336045EC104B70BD2D
:1066B000FFFFEF7F0000F07F000050432DE9F8431B
:1066C0001B4D0646286898460F469146FDF7FEFA90
:1066D000184B1C681CB3286865681F2D22DC4EB956
:1066E0006B1C0235636044F82570FDF7F1FA002059
:1066F000BDE8F88304EB85010123C1F88890D4F844
:106700008821AB401A43022EC4F88821C1F80881C1
:10671000E6D1D4F88C211A43C4F88C21E0E7064C6A
:106720001C60D8E7FDF7D4FA4FF0FF30E0E700BF78
:10673000D001FD1F3C31FD1F7431FD1F2DE9F04FCD
:1067400003690C69A34283B0C0F28A80013C01F165
:10675000140500F1140855F8243058F824200133AA
:106760009A428E4681464FEA840105EB840708EB86
:10677000840AB2FBF3F63AD3CDE900150022AC4609
:10678000404613465CF8041B05681FFA81FB06FBB4
:106790000B22090C4FEA124B06FB01BB92B2A9B2C5
:1067A000891A19441FFA8BF3C3EB214303EB1543FA
:1067B00089B241EA0341674540F8041B4FEA1B4296
:1067C0004FEA2343DED2DDE9001558F8013073B9F2
:1067D000AAF1040AD04504D307E0D04504F1FF3400
:1067E00003D25AF80439002BF7D0C9F8104071468B
:1067F000484601F017FA00282EDB4146002255F8E2
:10680000040BD1F800C01FFA80FE1FFA8CF3A3EB33
:106810000E031344020CC2EB234202EB1C429BB258
:1068200043EA0243AF4241F8043B4FEA2242E6D238
:1068300058F8242008EB84036AB9043B434504D884
:1068400007E0984504F1FF3403D253F80429002AE5
:10685000F7D0C9F810400136304603B0BDE8F08FDC
:10686000002003B0BDE8F08F2DE9F04F9DB0CDE9D9
:106870000A320291816B269D04908DED060B57EC38
:10688000106B49B1C26B4A600123934004468B6090
:1068900000F066FF0023A363B7F10009B4BF012332
:1068A00000232B60764BBCBF29F00049CDF81C902B
:1068B00033EA090300F0AA809DED067B002251EC2B
:1068C000170B00238DED007B03F0BCFD804668B103
:1068D0000A9A01231360279B13B1279A694B13600F
:1068E000694B059305981DB0BDE8F08F9DED000B39
:1068F00004981AAA1BA901F073FA5FEA1955824697
:1069000040F09A80DDE91A85454405F23243202B98
:1069100040F38A83C3F1400309FA03F905F21243F5
:1069200026FA03F349EA030003F0AAFA0123013D22
:10693000A1F1F8711293554B002203F063F94AA3B9
:10694000D3E9002303F016FB49A3D3E9002303F0A6
:106950005BF9064628460F4603F0A2FA46A3D3E9A0
:10696000002303F007FB02460B463046394603F08E
:106970004BF906460F4603F0ADFD00220446099090
:1069800000233046394603F067FD002840F022839B
:10699000099CA8EB050808F1FF33162C089300F2B8
:1069A0008A813B4B03EBC403D3E90023DDE90001FB
:1069B00003F052FD002871D0631E09930023119348
:1069C000089B002BC0F27D8100230C93099B002BB8
:1069D0006ADA099B0C9A0D93D21A0C925A42002340
:1069E0000993029B1092092B68D8052B40F3218351
:1069F000043B02930025029B023B032B00F23686E8
:106A0000DFE813F06E046B04630447040A9AC9F3C9
:106A1000130942F20F7359EA060913601CD1279B30
:106A2000002B00F043861B4B05930833279A0598EB
:106A300013601DB0BDE8F08FDDE90012C2F313034F
:106A4000084643F07F51CDF84880A5F2FF35DDF8C8
:106A5000688041F440116EE7279B002B40F0F483DF
:106A60000D4B05933EE700BF61436F63A787D23F9D
:106A7000B3C8608B288AC63FFB799F501344D33F2D
:106A80000000F07F31A6000030A600000000F83FB3
:106A9000F0A700007CA6000088A60000B8F1000F57
:106AA00040F3A38411900C90DDE90832134408935D
:106AB00000231093029B0D92092B96D900230125E8
:106AC00002930E954FF0FF3B0B93049BCDF84CB017
:106AD0000021D963049800F01DFE0590002800F005
:106AE000CE85DDE90432BBF10E0F9A6300F2188106
:106AF000002D00F015810D99002940F34684B34B19
:106B000001F00F0203EBC203C805D3E900894FEA85
:106B1000211540F10884AE4BDDE90001D3E90823DB
:106B200003F052FBCDE9140105F00F0503277DB1F9
:106B3000A74EE90708D540464946D6E9002303F0A9
:106B400019FA0137804689466D1006F10806F0D122
:106B500042464B46DDE9140103F036FB8046894688
:106B6000119B43B19B4B00224046494603F074FC05
:106B7000002840F00B85384603F092F942464B4618
:106B800003F0F8F9944B002203F03EF8A1F15073A2
:106B9000CDE914011593BBF1000F00F0A8800D9B07
:106BA000CDE918B34946404603F094FC189A874B48
:106BB00003EBC20313ED027B05468DED167B03F05C
:106BC0006FF90B4602464946404603F01BF8059F05
:106BD0000E9B30357E1CECB2804689463546002B34
:106BE00000F06C84DDE916237C49002003F0ECFA08
:106BF000DDE9142303F006F83C7042464B46044698
:106C00000D4603F047FC002840F0B884CDF850A0B2
:106C1000CDF858B00027AB46A246189D2AE00137B0
:106C2000AF4280F2FD846E4B50465946002203F07D
:106C3000A1F96B4B002282468B464046494603F041
:106C400099F98946804603F045FC044603F028F98B
:106C500002460B464046494602F0D4FF303406F85F
:106C6000014B52465B468046894603F0F5FB0028FF
:106C700040F0D38442464B465649002002F0C2FF02
:106C800052465B4603F0E8FB0028C8D0199BDDF8AC
:106C900050A0059A374603F1010802E0974200F040
:106CA0009B843E4617F8013D392BF7D00133DBB208
:106CB0003B7045467DE101231193089B002BBFF6F5
:106CC00083AEC8F101030C93002308937EE6384697
:106CD00003F0E6F842464B4603F04CF93E4B0022E7
:106CE00002F092FFA1F15073CDE9140115933D4BD1
:106CF00000224046494602F085FFDDE91445224660
:106D00002B4606460F4603F0C5FB002840F073846F
:106D100030463946224605F1004303F09DFB28BB6F
:106D20001B9B002BC0F290800D9A0E2A00F38C80E2
:106D3000264B0D9A03EBC20393ED007B0B9B002BBC
:106D40008DED027B19DABBF1000F16DC0ED1254B5D
:106D50000022DDE9020103F00DF902460B46DDE9F0
:106D6000000103F083FB002800F045840023059E0A
:106D700000931F460B9BDD432DE2059B5D1CDDE967
:106D80000278DDE900013A46434603F01DFA03F0BC
:106D9000A1FB064603F084F83A46434603F0EAF8BE
:106DA00002460B46DDE9000102F02CFF059A06F1D0
:106DB0003003BBF1010F2F46137000F02183012532
:106DC000CDF800A0A846DDE9029A2BE0F0A700006C
:106DD000C8A700000000F03F00001C400000E03F9A
:106DE00000002440000014404A46534620462946ED
:106DF00003F0EAF903F06EFB064603F051F84A4649
:106E0000534603F0B7F808F101080B46024629463D
:106E1000204602F0F7FE06F13003D84507F8013BA3
:106E200000F0EC82844B002203F0A4F8002200233F
:106E300004460D4603F006FB0028D5D00D9DDDF875
:106E400000A001353E46B4E00E9A002A40F0D880FA
:106E50000023109E0C9D0E931F4665B1089A002AD0
:106E600009DD0C99AA421346A8BF2B46C91AED1A90
:106E7000D31A0C910893109B53B10E9B13B1002EA3
:106E800040F0F7825146109A049800F0F9FD8246CE
:106E90000498012100F010FD099B0090002B40F0A8
:106EA000BE81029B012B40F3D4810120089A10443B
:106EB00010F01F0000F09B80C0F12003042B40F372
:106EC000E3810C9BC0F11C00034402440C93054475
:106ED00008920C9B002B05DD514604981A4600F0E1
:106EE00029FE8246089B002B05DD009904981A466E
:106EF00000F020FE0090119B002B40F07581BBF14B
:106F0000000F40F34C810E9B002B40F0A4800D9DA0
:106F10000135DDF81480009CDDF81090012607E0B3
:106F2000514600230A22484600F024FC01368246DE
:106F300021465046FFF702FCB34500F1300008F847
:106F4000010BEDDCBBF1000F059BCCBF5E460126BB
:106F5000814603EB060B002451460122049800F001
:106F6000E9FD0099824600F05DFE002840F3EE81C5
:106F7000059A02E0934500F003825E460BF1FF3B69
:106F800016F8013C392BF5D001338BF80030DDF8D1
:106F900010800099404600F0E3FB57B12CB1BC4291
:106FA00003D02146404600F0DBFB0498394600F050
:106FB000D7FB0498514600F0D3FB002333700A9BA3
:106FC0001D60279B002B3FF48DAC05981E601DB003
:106FD000BDE8F08F204602F063FF32463B4603F0E7
:106FE00031FA00287FF4D4AC631E0993D0E41C234B
:106FF0000C9A1A440C92089A1A441D44089268E7A5
:10700000029A012A40F3AD81109B0BF1FF36B34287
:10701000C0F26981BBF1000FA3EB060680F2EF829C
:107020000C9BA3EB0B056CE1C3F1200306FA03F004
:107030007AE40125DFE400BF000024403946002344
:1070400004980A2200F096FB139B002B074640F39E
:10705000FF820D969B46002D05DD394604982A4691
:1070600000F068FD0746099B002B40F0E681B8461A
:10707000059E731E03EB0B04069B03F00103CDE991
:107080000B43049C00995046FFF758FB3946834652
:10709000504600F0C7FD009905464246204600F0E4
:1070A000E3FDC3680BF130090146ABBB09905046C4
:1070B00000F0B8FD09990890204600F051FB089AAD
:1070C000002A54D1029B1BB90C9B002B00F0AE820E
:1070D000002D3FDB0B9BB3469E420BF8019B00F05B
:1070E000C381514600230A22204600F043FB474556
:1070F000824639464FF000034FF00A02204630D056
:1071000000F038FB4146074600230A22204600F0E3
:1071100031FB5E468046B5E7049800F021FB002D68
:1071200006DB069B03F00102029B1D432A4329D183
:1071300051460122049800F0FDFC0099824600F0BF
:1071400071FD002840F3F680B9F1390F00F0498253
:107150000BF131090D9D06F8019B3C460135474670
:1071600015E700F007FB5E46074680468AE7002DDC
:10717000C0F29382029B1D430C9B1D4300F08D8245
:10718000002AA7DDB9F1390F00F02B820D9D09F11E
:1071900001033C4606F8013B01354746F7E6029BF2
:1071A000022B7FF7B0AEBBF1000F40F025810099B4
:1071B00004985B46052200F0DDFA01460090504637
:1071C00000F030FD002840F31781059E0D9D31230E
:1071D00006F8013B01350099049800F0C1FA013529
:1071E000002F7FF4E2AEE4E60099504600F01AFD6D
:1071F0000028BFF684AE5146002304980D9C0A2255
:1072000000F0B8FA0E9B661E8246002B7FF416AF84
:10721000139B002B40F311820D9D9B4679E601469E
:107220001A46049800F02CFC029B0090012B6EDDA6
:1072300000230993009A136902EB8303186900F095
:10724000E9FAC0F1200031E6984B05930333FFF7CC
:10725000EDBB069B002B7FF428AEDDE90612C2F3DE
:107260001303002B7FF421AE914B134033B10C9BE1
:1072700001330C93089B013308930123099A099366
:10728000002A3FF412AED5E73FF423AEC0F13C0331
:10729000AEE601230E930B9B0D9A134403F1010BF1
:1072A0005E46012E1393B8BF0126172E40F3F981D5
:1072B000012204235B0003F11400B042114602F1E5
:1072C0000102F7D9049BD96304E401230E930B9EBA
:1072D000002E36DD1396B346E7E700230E93DAE778
:1072E00000230E93F3E7109B099A1096F31A1A44A1
:1072F000089B09925B4408930C9B1D465B440C93CE
:1073000000260498012100F0D7FA0746A5E5069B60
:10731000002B8DD1DDE90601C1F313030A46002BD2
:10732000A2D0099086E79DED007B02278DED147BAE
:10733000FFF7FDBB7FF40EAF19F0010F7FF404AF30
:1073400008E701230B939B46FFF7BFBB03D119F05E
:10735000010F7FF40DAE5E461BF8013D302BFAD0D5
:1073600015E6129A002A00F09C8003F23343089A33
:10737000109E1A4408920C9A15461A440C92C0E7C3
:10738000059A31230135137001E600F0FA800D9A59
:10739000484B554205F00F0203EBC203D3E900232B
:1073A000DDE9000102F0E6FD2D11CDE9140100F048
:1073B0005881414E0023022780468946EA0709D5B5
:1073C000D6E900234046494602F0D4FD0137804605
:1073D000894601236D1006F10806EFD1002B7FF4DA
:1073E000BFABDDE91489FFF7BBBBC8F1010308900F
:1073F0000C931190FFF758BB059EBBE4DDF800A08D
:1074000002460B4602F000FC0D9DCDE9000101355E
:1074100002460B46DDE90201A84603F01DF840B91B
:10742000DDE90023DDE9020103F00CF818B1F307F0
:1074300001D5059A35E43E46BBE57968049800F02D
:1074400069F90546002800F021813B6902339A0062
:1074500007F10C010C3000F043FE0498294601228C
:1074600000F068FB804603E60D9D3C46013547462B
:1074700072E5049C39463246204600F001FB524634
:1074800001460746204600F045FA51468046204610
:1074900000F066F9109B9B1BC24610933FF4F8ACBA
:1074A000F0E41A9BC3F1360361E700BF88A6000031
:1074B0000000F07FF0A70000C8A70000DDE9162358
:1074C000DDE9140102F056FD059B1C70189B012B91
:1074D000CDE90E0100F0C380189F059B12961F4452
:1074E0007A4B00224046494602F044FD0D460446D0
:1074F00002F0F0FF814602F0D3FC09F130090246A8
:107500000B462046294602F07DFB06F8019BBE4251
:1075100080468946E4D1129D6D4B0022DDE90E01C3
:1075200002F072FB02460B464046494602F0B2FFAB
:1075300000286CD1DDE90E236549002002F062FBD2
:1075400002460B464046494602F086FF80B91B9B27
:10755000002BFFF67DAC0D9B0E2B3FF779AC5D4BFE
:107560000D9A03EBC20393ED007B8DED027B06E4E5
:107570003E46013F16F8013C302BF9D0199D0135EC
:1075800017E5DDE900890227FFF7EABABBF1000F32
:107590003FF49DAB139C002C7FF7C2AB0D9B013BCE
:1075A0000022404649461993484B02F0E3FC8046CE
:1075B0008946781C02F074FC42464B4602F0DAFC25
:1075C000454B002202F020FBA1F15073CDE91401DC
:1075D00018941593FFF7E6BA08F101083123FFF775
:1075E00067BB0D9D059AB34639233C460BF8013B1A
:1075F00001354746C1E4002300931F46E5E5089B9B
:107600005B4408930C9B1D465B440C9379E6199BE5
:10761000059A03F10108FFF744BBDDF850A0ADE780
:10762000DDF850A0DDF858B0FFF77ABBB9F1390F9B
:10763000D7D0002D3FF78CAD8CE5029B022B03DCED
:107640000D9DDDF84CB064E4DDF84CB00D96AAE574
:10765000029B022BF8DCDDF84CB00D96FBE43746BC
:107660005AE7DDE914890227FFF77ABA049B00255F
:10767000DD632946184600F04DF80590D0B9174B48
:107680001748002240F2AF1100F0C4FD134B14481C
:107690002A4640F2EF2100F0BDFD002A3FF748AD39
:1076A00058E5049B0021D963FFF714BA0D4B0593ED
:1076B000FFF718B9DDE904329A634FF0FF33012276
:1076C0000B9513930E929B46FFF72ABB00002440B4
:1076D0000000E03FF0A7000000001C408CA6000066
:1076E000A0A600007CA6000082B049B15AB16BB1DF
:1076F00013780B601278101E18BF012002B070477B
:1077000001A9002AF3D1104602B070476FF00100C2
:10771000F4E700BF436C70B505460C464BB153F817
:10772000240080B1026843F824200023C0E9033319
:1077300070BD2122042100F08DFD034668640028FD
:10774000EDD1002070BD012101FA04F6721D9200F6
:10775000284600F07FFD0028F3D0C0E90146E4E7A9
:1077600031B1436C4A6853F82200086043F8221094
:10777000704700BF2DE9F0410D6907460E461C46D3
:1077800001F1140E0020DEF800108BB202FB03435F
:107790004FEA134C090C02FB01CC01309BB203EB06
:1077A0000C4385424EF8043B4FEA1C44EBDC3CB1F1
:1077B000B368AB4207DD06EB850301355C613561DB
:1077C0003046BDE8F081716838460131FFF7A2FF0D
:1077D0008046A8B13269023206F10C0192000C30E9
:1077E00000F07EFC7B6C726853F82210316043F825
:1077F0002260464606EB850301355C613561DFE7B3
:10780000024B03484246BA2100F004FD8CA600005A
:10781000FCA60000B0F5803F034636BF03040020FD
:107820001020B3F1807F3CBF1B020830B3F1805FB2
:107830003CBF1B010430B3F1804F03D3002B06DBA8
:10784000013070479B0003D45B0003D420207047B5
:107850000230704703307047036813F00702014697
:1078600007D0DA071FD4980721D55B080B600120E9
:10787000704798B2A0B11046DAB20AB908301B0AB4
:107880001A0704BF1B0904309A0704BF9B08023083
:10789000DA0703D45B0800F1010006D00B607047E3
:1078A0001B0C1020E8E700207047202070479B0841
:1078B0000B600220704700BF38B5436C04460D468C
:1078C0004BB15868B0B102685A6000220123C0E988
:1078D0000323456138BD2122042100F0BBFC03468F
:1078E00060640028EDD1094B0948002240F245119F
:1078F00000F090FC1C220121204600F0ABFC002887
:10790000F1D001220223C0E90123DEE78CA60000AA
:10791000FCA600002DE9F04FD1F810801569A845AC
:1079200085B00E46924605DB2A46534645468A46B2
:1079300090461E46DAF80830DAF8041005EB080421
:10794000A342B8BF0131FFF7E5FE8446002800F0EE
:107950008B8000F1140707EB840E774505D23B4678
:10796000002243F8042B9E45FBD8143606EB88080A
:107970000AF11409464509EB850566D2A5EB0A0311
:10798000153B23F003030AF1150A043355452CBFB8
:107990009B464FF0040BCDF808E00394AE46E24658
:1079A00005E0090C2AD1B04507F104074AD956F879
:1079B000041B8DB2002DF4D0CC463C46002301962A
:1079C0005CF8040B216886B28AB2000C05FB062223
:1079D000090C1A4405FB001101EB124192B242EA74
:1079E0000142E64544F8042B4FEA1143E8D8019ED2
:1079F00047F80B3056F8041C090CD4D03B68002221
:107A000048461D463C469446028801FB02C202EBF2
:107A100015429BB243EA024344F8043B50F8043B4E
:107A200025684FEA134CABB201FB0C3303EB124356
:107A300070454FEA134CE7D3B04547F80B3007F1D8
:107A40000407B4D8DDE902E4D446002C02DC05E0EA
:107A5000013C03D05EF8043D002BF9D06046CCF821
:107A6000104005B0BDE8F08F034B044862464FF468
:107A7000B17100F0CFFB00BF8CA60000FCA6000097
:107A800012F003032DE9F041144607462CD10D46B0
:107A9000A4101CD03E6C86B3E3074FF0000806D458
:107AA000641014D03068A8B10646E307F8D5324612
:107AB00029463846FFF72EFF35B17B6C696853F8CD
:107AC00021202A6043F8215064100546EAD1284657
:107AD000BDE8F081324631463846FFF71BFF306083
:107AE000C0F800800646E0E7013B0F4A52F8232029
:107AF0000023FFF73FFE0546CAE701213846FFF79E
:107B000009FE064640B1012340F27122C0E9043269
:107B1000002338640360BFE7044B0548324640F257
:107B2000451100F077FB00BFB8A700008CA600004D
:107B3000FCA600002DE9F0470C4690462769A36893
:107B4000496807EB62177D1C9D4206464FEA6219A1
:107B500004DD5B009D4201F10101FADC3046FFF7D4
:107B6000D9FD8446002851D0B9F1000F00F114006E
:107B70000EDD09F105024FEA820E03460CEB82028C
:107B8000002143F8041B9342FBD1AEF114031844C7
:107B9000216904F1140318F01F0803EB81012DD0B3
:107BA000C8F1200986464FF0000A1A6802FA08F266
:107BB00042EA0A024EF8042B53F8042B994222FAA7
:107BC00009FAF2D80B1B153B23F00303043304F12D
:107BD0001502914238BF042340F803A0BAF1000F08
:107BE00000D13D46736C6268CCF8105053F82210F7
:107BF0002160604643F82240BDE8F087043853F81E
:107C0000042B40F8042F9942F9D8EAE7034B0448C3
:107C100062464FF4EF7100F0FDFA00BF8CA6000041
:107C2000FCA600000B6984460069C01A16D10CF14D
:107C3000140C14310CEB830210B401EB830301E04C
:107C4000944508D252F8044D53F8041D8C42F7D0E5
:107C500005D24FF0FF305DF8044B704770470120AC
:107C60005DF8044B704700BF2DE9F04F15460A69D7
:107C70002B69D21A002A83B0884640F0878001F130
:107C8000140605F1140101EB830106EB830301E007
:107C90009E427ED253F8044D51F8042D9442F7D001
:107CA00075D32B460024454698466968FFF732FD98
:107CB0008146002800F089802E69C460D8F8100041
:107CC00005F1140B08F1140E09F1140A05F1100264
:107CD0000EEB80000BEB860157464FF0000CCDF801
:107CE00004B05EF8044B52F8045F1FFA84FBABB299
:107CF000A3EB0B03240C6344C4EB154404EB2344B3
:107D00009BB243EA0443704547F8043B4FEA244CD6
:107D1000E7D8A0EB080208F115084045A2F11502CA
:107D200034BF0020012092080028DDF804B002F1E1
:107D300001044FEA840408BF04240BEB0405A942A4
:107D4000544433D92746284650F8043B1CFA83FE96
:107D50001A0C634402EB2E429BB243EA0243814277
:107D600047F8043B4FEA224CEED80139491B21F079
:107D700003010C4423B954F8043D013E002BFAD012
:107D80004846C9F8106003B0BDE8F08F89DA0124D5
:107D90008BE70021FFF7BEFC814678B1012200236A
:107DA000C0E90423484603B0BDE8F08F00284FEA3D
:107DB000820208BF00220AEB0204DBE7064B0748F9
:107DC0004A4640F2372100F025FA034B03484A4661
:107DD00040F2452100F01EFA8CA60000FCA600002F
:107DE0002DE9F0430E4683B0012159EC108B154666
:107DF000FFF790FC0446002846D0C9F30A57C9F3A0
:107E000013030FB143F480130193B8F1000313D1AE
:107E100001A8FFF721FD019B63610122203022614F
:107E20000FB3A7F233470744C0F13500376028602D
:107E3000204603B0BDE8F08368460093FFF70CFDD1
:107E4000019BF8B10099C0F1200203FA02F2C3408D
:107E50000A430193002B62610CBF01220222A3613D
:107E60002261002FDDD104EB8203A0F232403060AA
:107E70001869FFF7CFFCC0EB42102860204603B022
:107E8000BDE8F083009AE5E7034B0448224640F240
:107E90000F3100F0BFF900BF8CA60000FCA6000067
:107EA00049B1FF2A02D80A70012070478A23036073
:107EB0004FF0FF3070470846704700BF70B5054669
:107EC00084B05BB11C460F4BD3F8E060234669B128
:107ED0002846B047431C0FD004B070BD094B00F5D5
:107EE0008274D3F8E06023460029F1D10A4628467F
:107EF00001A9B047431CEFD100228A2322602B60E6
:107F000004B070BDE805FD1F10B582B0049CCDE93A
:107F100000344FF0FF3300F0F3FB02B010BD00BFA0
:107F20002DE9F0478F681D46AF420B680C46164698
:107F300036D8B1F90CC01CF4906F0ED13D461846EE
:107F400031462A4600F04CF8A368DF1B2368A7607F
:107F50002B4400202360BDE8F0874A69096902EBE1
:107F600042025F1A02EBD2726B1C52103B449342E6
:107F700092BF914699461A461CF4806F804611D0F4
:107F80001146FCF76FF8824600B321693A4600F0CB
:107F9000A7F8A38923F4906343F08003A38105E04D
:107FA0002F46CCE700F08CF9824658B10AEB070364
:107FB000A9EB0707A760C4F810A0C4F814902360C9
:107FC0002F46BCE721694046FBF750FFA3890C22EE
:107FD00043F04003C8F800204FF0FF30A381BAE718
:107FE00088420ED98B1883420BD900EB020C002A71
:107FF0006ED0624613F801CD02F801CD9942F9D155
:1080000070470F2A0FD8034602F1FF3C002A5FD0C9
:108010000CF1010C013B8C4411F8012B03F8012FEA
:108020006145F9D1704740EA01039B0751D1A2F1A4
:10803000100370B501F1200C23F00F0501F1100EB3
:1080400000F11004AC441B095EF8105C44F8105CAD
:108050005EF80C5C44F80C5C5EF8085C44F8085C64
:108060005EF8045C44F8045C0EF1100EE64504F181
:108070001004E9D1013312F00C0F01EB031102F0EF
:108080000F0400EB031328D0043C24F003064FEA4E
:10809000940C1E441C1F8E465EF8045B44F8045F7B
:1080A000B442F9D10CF1010402F0030203EB8403A2
:1080B00001EB840102F1FF3C4AB10CF1010C013BE0
:1080C0008C4411F8012B03F8012F6145F9D170BDE3
:1080D000704702F1FF3C03469AE72246EAE700BFF9
:1080E000844641EA000313F003036DD1403A41D3C3
:1080F00051F8043B40F8043B51F8043B40F8043B82
:1081000051F8043B40F8043B51F8043B40F8043B71
:1081100051F8043B40F8043B51F8043B40F8043B61
:1081200051F8043B40F8043B51F8043B40F8043B51
:1081300051F8043B40F8043B51F8043B40F8043B41
:1081400051F8043B40F8043B51F8043B40F8043B31
:1081500051F8043B40F8043B51F8043B40F8043B21
:1081600051F8043B40F8043B51F8043B40F8043B11
:10817000403ABDD2303211D351F8043B40F8043BB1
:1081800051F8043B40F8043B51F8043B40F8043BF1
:1081900051F8043B40F8043B103AEDD20C3205D3C1
:1081A00051F8043B40F8043B043AF9D2043208D0B9
:1081B000D2071CBF11F8013B00F8013B01D30B882B
:1081C00003806046704700BF082A13D38B078DD009
:1081D00010F003038AD0C3F10403D21ADB071CBFDB
:1081E00011F8013B00F8013B80D331F8023B20F845
:1081F000023B7BE7043AD9D3013A11F8013B00F87E
:10820000013BF9D20B7803704B7843708B78837005
:108210006046704700B50B4C25681446EE681A4658
:1082200085B003460D464CB107490095CDE90114D0
:108230003046064900F076FA01F0EEFB04490C46A0
:10824000F3E700BF8800FD1F58A7000068A70000E3
:1082500064A7000038B5A1FB021454BBFBF702FF72
:10826000054650B350F8042C22F00302043A242AA5
:1082700010D8132A13D91B2AC0E9004416D9242A7E
:10828000C0E902440ABFC0E9044400F1100200F151
:10829000180205E02146FBF741FC284638BD02469E
:1082A0000023C2E900339360284638BD00F108027C
:1082B000F6E7FBF7D9FC0C2303600025284638BD00
:1082C0002DE9F84F1646002900F096800C468046AE
:1082D00006F10B05FCF778F954F8041C162DA4F1EF
:1082E000080921F0030758D81025AE4258D8AF42EC
:1082F00060DABE4B9A6809EB070C6245DCF80400B3
:1083000000F0908020F0010363445B68DB0768D4D1
:1083100020F003003B189D4247DDCB0712D454F8F0
:10832000083CA9EB030BDBF8043023F003021044F4
:1083300000EB070A554540F3F68007EB020A554566
:1083400040F3CC8031464046FBF78CFE06460028C1
:1083500000F0208154F8043C23F001034B44A0F1C9
:108360000802934200F0B4803A1F242A00F2D7801A
:10837000132A00F2A2800346224611681960516850
:10838000596092689A6021464046FBF76FFD40466F
:10839000FCF720F93046BDE8F88F35F00705A4D585
:1083A0000C23C8F80030002618E01F46DCE9022341
:1083B000D3609A60D9F804307A1B0F2A03F00103C6
:1083C00009EB07001DD83B43C9F80430436843F06C
:1083D000010343604046FCF7FDF826463046BDE801
:1083E000F88FC907AED454F8083CA9EB030BDBF8AF
:1083F000043023F00302A0E7BDE8F84F1146FBF775
:1084000031BE09EB05012B4342F00102C9F80430EB
:108410004A60436843F00103436008314046FBF77C
:1084200025FDD7E720F00300C21905F1100C6245C5
:1084300080F29180CA0785D454F8082CA9EB020B6E
:10844000DBF8042022F00302104400EB070AD445B5
:108450003FF773AF5E46DBF80C1056F8080F3A1F73
:10846000242AC160886000F2AE80132A40F2A980FD
:108470002168CBF808106168CBF80C101B2A00F2B9
:10848000A88008340BF11002216811606168516006
:10849000A16891600BEB0501AAEB050242F0010215
:1084A00099604A60DBF8043003F001032B43404637
:1084B000CBF80430FCF78EF890E72368036063681C
:1084C00043601B2A3CD804F1080200F1080354E77A
:1084D00050F8043C23F003031F446BE73A1F5E4649
:1084E000DBF80C3056F8081F242ACB60996022D89C
:1084F000132A1ED92368CBF808306368CBF80C30F8
:108500001B2A3BD808340BF1100322681A606268FA
:108510005A60A2689A6034465746D9464AE72146CF
:10852000FFF75EFD2FE7DCE902133A1FCB6099608D
:10853000D5E73346E9E721463046FFF751FDEAE744
:10854000A3688360E368C360242A27D004F1100283
:1085500000F1100311E709EB05019960531B43F08B
:1085600001034B6054F8043C03F001032B434046E5
:1085700044F8043CFCF72EF826462FE7A368CBF816
:108580001030E368CBF81430242A10D010340BF1EB
:108590001803BAE74046FCF71DF804E723690361B6
:1085A0006169416104F1180200F11803E5E62369ED
:1085B000CBF818306369CBF81C3018340BF120036A
:1085C000A3E7324660E721463046FFF709FD074B37
:1085D00060E7A168CBF81010E168CBF81410242AEA
:1085E00006D010340BF118024EE700BFE001FD1F6A
:1085F0002269CBF818206269CBF81C2018340BF1E3
:10860000200241E72DE9F04F8BB0DDE9157A86466F
:108610001E46002F5AD0156800295CD0149B002BF1
:1086200069D0741E4EB3043DCDE9015EDDF850B053
:1086300004910026039105920BE0039B0BBB019B69
:108640001868002836D0DC4557D2013C631C6646CA
:1086500013D0019B029853F8042F0193DAF8E050ED
:108660003B4607A9D7E90098A847421C37D000EB42
:10867000060CDC45E1D9C7E9009830460BB0BDE8EF
:10868000F08F00280EDD049B019D18445A1E07A997
:1086900000F1FF3E11F8013B02F8013F7245F9D1AC
:1086A00001950490059B1A6804321A60019B1868B2
:1086B0000028C8D10399059A01B110600CF1FF366A
:1086C000002230463A600BB0BDE8F08F156800F527
:1086D00086770029A2D14FF0FF331493A1E7DDF88C
:1086E00008E006468A2100223046CEF800103A60A3
:1086F0000BB0BDE8F08F149EBFE76646BDE700BF34
:1087000010B584B0054C0698009007980190044875
:1087100000680294FFF776FF04B010BDE805FD1F66
:108720008800FD1F0EB410B583B005AB064C53F89E
:10873000042B01930146206800F008F803B0BDE85F
:10874000104003B0704700BF8800FD1F2DE9F04FB7
:10875000C7B016AFCDE9062183460822002138466E
:108760001C460C93FBF7DAF9BBF1000F04D0DBF8E1
:108770003430002B00F02786079B5A6EB3F90C307B
:10878000D00702D4990540F10A859E0406D40799C2
:1087900043F4005322F400528B814A66950400F1A1
:1087A000C386079AB2F90C30190740F1CB801269E1
:1087B000002A00F0C78003F01A020A2A00F0D180D4
:1087C00000239E46CDE90FEECDE91B33DFF8F8A874
:1087D000CDF838E01DAB1A939946CDF820E0CDF8DE
:1087E00034E0069DDAF8E440FDF71EFE00970346EC
:1087F0002A4614A95846A047002800F0D180C0F2AC
:10880000C780149A252A034601D01D44EAE7069B37
:10881000EE1A044640F0C88000234FF0FF316A781A
:108820008DF84B3009936C1C059103930134A2F130
:1088300020035A2B00F2F980DFE813F06002F70002
:10884000F7005A02F700F700F7006A00F700F70098
:10885000E801F901F700F3010402F700FE015B00F3
:108860005B005B005B005B005B005B005B005B0030
:10887000F700F700F700F700F700F700F700F70040
:10888000F7009D016A02F700F700F700F700F70014
:10889000F700F700F700F700F7002002F700F700F5
:1088A000F7007601F7008D02F700F700E704F70004
:1088B000F700F700F700F700F700F700F700F70000
:1088C000F7009D01C201F700F700F7008402C20122
:1088D0007E00F7000A03F700FB02E404DA027E00E0
:1088E000F70076017C00E104F700F7000A05F700C5
:1088F0007C00A2F13003002114F8012B01EB81016F
:1089000003EB4101A2F13003092BF5D909918EE760
:108910005846FDF78FFD43680F931846FDF730FE6C
:10892000109005465846FDF785FD83680E93002D8F
:1089300040F05684227879E7039B227843F02003A5
:10894000039373E7079D5846294601F003F8002872
:1089500040F01E86B5F90C3003F01A020A2A7FF4A3
:108960002FAF0799B1F90E20002AFFF629AF4A6E02
:10897000D60702D49D0540F1CB85DDE906212346CB
:10898000584600F017FE0890089847B0BDE8F08FF1
:10899000082200213846FBF7C1F801231D4421E7D6
:1089A000069BEE1A044612D0069BC9E900361C9BB2
:1089B00033441C931B9B0133072B1B9311DC09F1E0
:1089C0000809089B33440893002C7FF425AF1C9BB7
:1089D000002B40F0B885079B0022B3F90C301B92A6
:1089E00018E007991AAA584600F024FE78B90DF14C
:1089F0007409E6E707991AAA584600F01BFE0028FA
:108A00007ED00B9B1BB10B995846FBF72FFA079BA7
:108A1000B3F90C30079A526ED1077CD55B0600F192
:108A20008D85089847B0BDE8F08F0694002ACED017
:108A300000238DF84B3001238DF8B42004930A9362
:108A40002DAC00230B930593039810F08408DDE907
:108A50001B2105D10998049D451B002D00F3D682EA
:108A60009DF84B0078B1013201200131C9F80400B2
:108A7000072A0DF14B00CDE91B21C9F8000000F3D6
:108A8000FA8209F108097BB1013213A80231C9F851
:108A90000000072A4FF00200CDE91B21C9F80400AD
:108AA00000F3F88209F10809B8F1800F00F00C8298
:108AB000059B0A981D1A002D00F34A820A9BC9F8EB
:108AC000004001321944072ACDE91B21C9F80430BE
:108AD00000F3798209F10809039B580705D5099B22
:108AE000049A9C1A002C00F3E282DDE90832049813
:108AF0008242ACBF9B181B18089300297FF47AAF01
:108B000000231B930B9B1BB10B995846FBF7AEF947
:108B10000DF1740965E69A0580D4079CA06DFBF7FA
:108B2000D7F8B4F90C3079E70C9E069456F8044B4C
:108B300000238DF84B30002C00F05D84532A00F0A8
:108B4000A283039B13F0100540F09D83059B002B2F
:108B5000C0F2CD841A4629462046FDF7A9FC0B90A9
:108B6000002800F00685031BCDE90A3523EAE373EC
:108B7000049300F09DBC0C9B0694432A03F104056A
:108B800003D0039BD80640F167830822002118A870
:108B9000FAF7C4FF0C9B2DAC1A68214618AB584657
:108BA000FFF78CF9034601330A9000F0D6840A9B44
:108BB00023EAE373049300230C958DF84B3040E7D0
:108BC000039B0694990640F1AC800C9B073323F07D
:108BD000070319465A6851F8083B0C911146002AC0
:108BE000C0F23F81059A002AC0F24881039A22F020
:108BF0008002039253EA010240F04081059B002B62
:108C000040F08B8404930A9346AC49E10C9B53F8E3
:108C1000042B0992002A80F2BA82099A0C935242DC
:108C20000992039B227843F004030393FEE52B2370
:108C300022788DF84B30F9E5039B227843F08003CE
:108C40000393F3E5204610F8012B2A2A00F09584BF
:108C5000A2F13003092B98BF002100F2608410F8C4
:108C6000012B01EB810103EB4101A2F13003092B40
:108C7000F5D941EAE17305930446D8E5039B0694D0
:108C800043F0100212F0200100F051820C9B0733D8
:108C900023F007031846596850F8083B0C9022F45B
:108CA00080640394059C002084428DF84B007CDB9B
:108CB00053EA010422F4906240F08183039C039202
:108CC000059B002B69D1002840F05C8214F0010262
:108CD0000A9200F0608230238DF817319DF84B30F6
:108CE00004920DF21714002B40F0DF800B93E1E0AB
:108CF000039B227843F00103039397E59DF84B30E3
:108D00002278002B7FF492AD20238DF84B308DE537
:108D1000039B069443F010030393039B99063FF5CE
:108D200054AF0C9A52F8043B0C92039AD20600F10D
:108D30004382039A560640F13B8243F3C0310A4610
:108D40001BB24CE72278039B682A00F0958243F01F
:108D5000400303936AE5039B069443F0100414F068
:108D6000200100F0F3810C9B073323F007031A4620
:108D7000596852F8083B0C9200228DF84B20059A56
:108D8000002AC0F21E8324F08002039253EA0102FB
:108D900074D1059B0120002B95D0012800F0BD83E4
:108DA00000230228194600F01A8146AC03F007029E
:108DB000DB0843EA4173C908303253EA0105204613
:108DC00004F8012DF2D1039BDD0740F11681302A12
:108DD00000F013813023059A04F8013C023846ABB9
:108DE0001B1A9A42B8BF1A460A930446049257E0E7
:108DF000039B0C9A069443F00203039352F8043B3E
:108E00000C9247F63002ADF84C20AD4A0D9200218D
:108E100000228DF84B20059A002AC0F2E080039CC6
:108E200053EA010024F08002039240F0D88002202F
:108E300046E7039B06949C0640F1C1810C9B089A6F
:108E40001B681A60D2175A600C9B04330C93C8E459
:108E50002278039B6C2A00F0088243F010030393EE
:108E6000E4E42D228DF84B20059A5B4261EB410131
:108E7000002A03DB039A22F0800203920A2B71F18D
:108E8000000280F039823033DBB28DF81731059B58
:108E9000012BB8BF0123049301230A930DF2171489
:108EA0009DF84B30002B3FF421AF00230B93049B24
:108EB00001330493039B13F002033FF4C5AD049BFD
:108EC000023304930223BFE5099B04981D1A002D69
:108ED0007FF7EEAD102DDFF8EC8126DD40464B46E6
:108EE000A046DDF81C901026044604E0103D102D2D
:108EF00003F1080315DD01321031072AC3E90046EA
:108F0000CDE91B21F2DD1AAA4946584600F092FB32
:108F100000287FF476AD103D102DDDE91B211DAB3F
:108F2000E9DC994623464446984601322944072AFB
:108F3000CDE91B21C9F80080C9F8045000F348822C
:108F4000059B0A981D1A002D09F108097FF7B6AD97
:108F5000102DDFF8708128DD4B461026A9462546E6
:108F6000079C06E0A9F11009B9F1100F03F10803FD
:108F700018DD013253481031072AC3E90006CDE954
:108F80001B21EFDD1AAA2146584600F053FB0028AA
:108F90007FF437ADA9F11009B9F1100FDDE91B21FC
:108FA0001DABE6DC2C464D46994601322944072A82
:108FB000CDE91B21C9F80080C9F8045000F3D58021
:108FC00009F108097AE507991AAA584600F032FB18
:108FD00000287FF416AD1C990DF174097CE50D98FD
:108FE00046AC03F00F021B09825C04F8012D43EA32
:108FF0000173090953EA0102F3D1059A46AB1B1B21
:109000009A42B8BF1A460A93049249E7102D2F4E90
:1090100023DD48461193A146079C04E0103D102D26
:1090200000F1080016DD013210311023072ACDE9C6
:109030001B2106604360F1DD1AAA2146584600F064
:10904000F9FA00287FF4DDAC103D102DDDE91B217D
:109050001DA8E8DC119B4C46814601322944072AB1
:10906000CDE91B21C9F80060C9F8045000F39781CD
:1090700009F10809F4E4079911931AAA584600F077
:10908000D9FA00287FF4BDACDDE91B21119B0DF15D
:109090007409F8E407991AAA584600F0CBFA002898
:1090A0007FF4AFACDDE91B210DF17409FCE4102C59
:1090B0001B9B064E28DDDDF81C8010250DE000BF4F
:1090C00000A60000BCA90000E805FD1FCCA9000017
:1090D000103C102C09F1080916DD01331031072B63
:1090E000C9E90065CDE91B31F2DD1AAA41465846AF
:1090F00000F0A0FA00287FF484AC103C102CDDE9CD
:109100001B310DF17409E8DC01332144072BC9E957
:109110000064CDE91B317FF7E8AC07991AAA5846DD
:1091200000F088FA00287FF46CAC1C99DDE40C9800
:1091300050F8043B0C9012F010007FF4B0AD12F028
:10914000400400F062819BB20146A8E50C9A52F8F7
:10915000043B0C9214F010027FF40EAE14F04000A9
:1091600000F059819BB2114606E607991AAA5846A3
:1091700000F060FA00287FF444ACDDE91B210DF11A
:1091800074099BE4059B04930A9346AC88E6227815
:109190000C93FFF74BBB059B049346AC80E6079D01
:1091A000A86DFAF793FDB5F90C306A6EFFF7EDBACA
:1091B000039A950500F18781D9170A460FE5039BAD
:1091C000D80600F11381039B590600F18B81039BA4
:1091D0009A0540F10B810C9B089A1B681A7033E6C4
:1091E0000E9B2278002B3FF421AB1B78002B3FF421
:1091F0001DAB039B43F480630393FFF717BB0694F7
:10920000039CACE5039A06943CE5B24B06940D939F
:10921000039B13F020015FD00C9B073323F007035F
:109220001846596850F8083B0C90039CE6070AD58D
:1092300053EA010007D08DF84D2044F0020203925A
:1092400030228DF84C20039A22F480620392DFE5ED
:10925000A14B06940D93DBE70C9B1B688DF8B43093
:10926000012304930A932DACA5E443F02003627814
:1092700003930134FFF7DABA43F40073627803937F
:109280000134FFF7D3BA0822002118A81594FAF781
:1092900045FC059B002BC0F2DC800025CDF810902A
:1092A000A84699460EE02DA95846FEF707FE431C36
:1092B000404400F05281484509DC05F1040500F006
:1092C00054818046159A525918AB002AEBD1DDF82B
:1092D0001090CDF82880C9E00C9850F8043B0C9011
:1092E000039810F01000A0D1039911F0400400F091
:1092F00099809BB2014698E7039ACDF8109046AC4E
:1093000002F48062A146CDF828B0744EDDF838B082
:109310004FF0000C144605E00A2B71F1000136D322
:10932000434629465A1842F10002A6FB020525F0E1
:10933000030000EB9500121A981A4FF0CC3561F13A
:10934000000E05FB00F506FB0E55A0FB068005444C
:1093500008F0010E0520AEFB000E80184FEA5808F9
:10936000303009F8010C48EAC5780CF1010C09F11C
:10937000FF396D08002CCFD09BF800206245CBD17F
:10938000BCF1FF0FC8D00A2B71F1000151D2CDF80A
:1093900038B04C46DDF828B0DDF810902DE607997E
:1093A00011931AAA584600F045F900287FF429AB1A
:1093B000DDE91B21119B0DF17409FFF751BB0392ED
:1093C000F3E403945AE55846FAF7D8FAFFF7D4B90C
:1093D00007991AAA584600F02DF900287FF411AB1E
:1093E000DDE91B210DF17409FFF762BB0C9B089AA4
:1093F0001B681A6028E5059B394C0C96062B28BF84
:1094000006230A930493FFF71CBB12F400711CBFE0
:10941000DBB2214643E414F400713FF4ADACDBB29F
:109420000146A9E4039911F400711CBFDBB2214687
:10943000FBE6109B0F99A9EB03091A464846FCF777
:10944000BFFF9BF801300BB10BF1010B4FF0000C8B
:1094500066E718AB00930023194615AA5846FEF795
:1094600053FD034601330A9077D015940A9BE3B16C
:10947000632B45DC00230B932DAC0822002118A898
:10948000FAF74CFB0A9D18AB009315AA2B46214610
:109490005846FEF739FD854240F085800A9A002340
:1094A000A35422EAE273049302E00A9B04930B9311
:1094B0009DF84B301BB100230C960593F7E4059300
:1094C0000C96FFF7C1BA43F3C0110A465BB2FFF72F
:1094D00086BB00BF14A6000000A60000CDCCCCCCFB
:1094E00028A600000C9B089A1B681A80ACE4204652
:1094F000FDF746F820EAE073CDE90A050493D7E7C3
:10950000591C5846FAF7AEFD044630B30B90B4E749
:10951000886DFAF7DDFBFFF730BA3023B5E400239E
:1095200004460593FFF783B9D40707D4079B9B89AB
:10953000980503D4079B986DFAF7CAFB4FF0FF33E9
:109540000893FFF76EBA07991AAA584600F072F806
:1095500000283FF440AAFFF75ABA079AB2F90C3034
:1095600043F040039381FFF755BADDE904930A9372
:109570007CE7059B04930A939AE70C9B627853F867
:10958000041B0C9341EAE17104460591FFF74EB9C3
:10959000079A536EDB07D1D493899F05CED4906D83
:1095A000FAF796FBCAE7079A938943F04003938141
:1095B000FFF727BAF0B51F468B89ADF26C4D23F04B
:1095C0000203ADF80C301AAB009304934FF48063A0
:1095D000029305934B6E1993CB89ADF80E30CB698E
:1095E00007934B6A099315460023064616A80C46B6
:1095F0000693FAF767FB2A463B4669463046FFF773
:10960000A5F8051E07DB69463046FCF7AFFE0028CB
:1096100018BF4FF0FF35BDF80C305B0603D5A389AA
:1096200043F04003A3811698FAF74EFB28460DF24B
:109630006C4DF0BD936810B514461BB91846002355
:10964000636010BD00F006F80023A3600023636090
:1096500010BD00BF9368002B00F0F8802DE9F04F9B
:10966000B1F90CC01CF0080F83B0904681460C463F
:1096700031D00B697BB31CF00207D8F8006038D0FA
:109680000027D4F824B0E169DFF8C4A23D4655456F
:109690002B463A4628BF53464846C5B1D84700280E
:1096A00040F3CA80D8F808301B1A07442D1AC8F8AE
:1096B0000830002B00F0B68055452B46D4F824B076
:1096C000E16928BF53463A464846002DE6D1D6E91F
:1096D00000750836DBE72146484600F03BF90028D4
:1096E00040F0AF80B4F90CC0D8F800601CF002075D
:1096F000C6D11CF0010A63D12368A16857461846F9
:109700008B46002F58D01CF4007F00F0B580B94282
:109710000A4600F2E1801CF4906F2FD02169626943
:109720005D1A02EB420202EBD2726B1C52103B44F8
:10973000934292BF93469B461A461CF4806F00F0FA
:10974000EA8011464846FAF78DFC002800F0F980BF
:109750002A4621690090FEF7C3FCA289009B22F4EF
:10976000906242F08002A2815819ABEB0505C4F863
:1097700014B02361A5602060BB463A465146009272
:10978000FEF72EFCA1682368009AA1EB0B011A4496
:109790003D46A16022600027D8F808305B1BAA4430
:1097A000C8F80830002B3DD02368A168B4F90CC07C
:1097B00018468B46002FA6D1D6E900A708369EE7AB
:1097C0003846BB463D460097002D41D0002846D084
:1097D000009A2068A168D4E90473AA4228BF2A46E7
:1097E000B84204D901EB030A524500F38580934245
:1097F00075DCE169676A5A464846B847B0F1000A25
:109800001ADD009BB3EB0A0300930FD00120D8F8B8
:109810000830A3EB0A03D344A5EB0A05C8F80830C7
:10982000002BD1D1002003B0BDE8F08F214648467F
:10983000FCF79CFD0028EAD0B4F90C3043F040035B
:10984000A3814FF0FF3003B0BDE8F08F00207047D8
:10985000756833460836002DFAD0D3F800B02A4692
:109860000A215846FCF724FE002867D00130A0EBFF
:109870000B0300931A46ACE722699A4214D362693B
:10988000BA4211D86FF00043BB4228BF3B46656A1D
:1098900093FBF2F3E16902FB03F348465246A84703
:1098A000051EC9DD7F1B77E7B94228BF39460D4643
:1098B00018460A465146FEF793FBA1682368491BE8
:1098C0002B44A16023600029ECD121464846FCF7D7
:1098D0004DFD0028E6D0AFE7BB463A464EE7594675
:1098E0000192FEF77DFB019AA3689B1AA36023688F
:1098F00013442360924684E759465246FEF770FBB4
:1099000023685344236021464846FCF72FFD002876
:109910003FF477AF90E74846FEF7D2FC03460028B5
:109920007FF422AF21694846FAF7A0FAB4F90C3067
:109930000C22C9F8002023F080037FE76A1C009204
:1099400047E70C22B4F90C30C9F8002076E700BFD5
:1099500000FCFF7F38B52F4B1B6805460C4613B142
:109960005A6B002A4BD0B4F90C3018071CD5226969
:1099700022B313F0010107D0616900204942A060C1
:10998000A1613AB1002038BD980758BF6169A16054
:10999000002AF7D1190658BF1046F4D543F040030A
:1099A000A3814FF0FF3038BDD9062CD55A0712D409
:1099B000226943F00803A381002ADAD103F420715D
:1099C000B1F5007FD5D02146284600F02DF8B4F936
:1099D0000C302269CDE7216B51B104F14002914274
:1099E00004D02846FAF742FAB4F90C300022226378
:1099F00022690021C4E9002123F02403D9E7184695
:109A0000F9F7BCFFAFE7092243F040032A60A381C6
:109A1000C7E700BF8800FD1F08B5062000F072F8F8
:109A2000012000F0E9F800BF2DE9F041B1F90C3058
:109A30000C46990796B008D504F143030122C4E906
:109A40000432236016B0BDE8F081B4F90E1000298D
:109A5000064626DB6A4600F081F800281FDB019DE0
:109A600005F47045A5F50055B5FA85F54FF4806805
:109A70006D094FF4006741463046FAF7F3FAE8B152
:109A8000B4F90C30C4F8148043F0800320602061E6
:109A9000A3813DBB3B43A38116B0BDE8F081B4F97F
:109AA0000C3013F0800519D04FF0400800254146D6
:109AB00030462F46FAF7D6FA0028E1D1B4F90C3037
:109AC0009A05BFD423F0030304F1430243F00203D9
:109AD0000121C4E90421A3812260B3E74FF4806827
:109AE0002F46C8E7B4F90E10304600F04DF810B913
:109AF000B4F90C30CEE7A38923F0030343F001034C
:109B00001BB2C7E738B5144B1F281D681ED8D5F8FF
:109B10003821044662B152F820304BB1012B05D0F8
:109B2000591C0FD0002142F820109847002038BD62
:109B3000284600F051F8224601462846BDE8384044
:109B400000F034B816232B60012038BD16232B609B
:109B50004FF0FF3038BD00BF8800FD1F70B50C46C8
:109B6000084D03460026204611461C462E60F8F795
:109B7000BDFC431C00D070BD2B68002BFBD02360C4
:109B800070BD00BF2C31FD1F38B5074D00220446C3
:109B900008462A60F8F7C2FC431C00D038BD2B6889
:109BA000002BFBD0236038BD2C31FD1F70B50C4657
:109BB000084D03460026204611461C462E60F8F745
:109BC000B8FC431C00D070BD2B68002BFBD0236079
:109BD00070BD00BF2C31FD1FF8F798BC044A054941
:109BE0001368002B08BF0B461844106018467047D6
:109BF0000433FD1F0833FD1FFEE700BF81F0004165
:109C000002E000BF83F0004330B54FEA41044FEA61
:109C1000430594EA050F08BF90EA020F1FBF54EAFC
:109C2000000C55EA020C7FEA645C7FEA655C00F098
:109C3000E2804FEA5454D4EB5555B8BF6D420CDD69
:109C40002C4480EA020281EA030382EA000083EAEC
:109C5000010180EA020281EA0303362D88BF30BD8C
:109C600011F0004F4FEA01314FF4801C4CEA1131E2
:109C700002D0404261EB410113F0004F4FEA033341
:109C80004CEA133302D0524263EB430394EA050FCC
:109C900000F0A780A4F10104D5F1200E0DDB02FA3B
:109CA0000EFC22FA05F2801841F1000103FA0EF2CF
:109CB000801843FA05F359410EE0A5F120050EF195
:109CC000200E012A03FA0EFC28BF4CF0020C43FAC6
:109CD00005F3C01851EBE37101F0004507D54FF0D3
:109CE000000EDCF1000C7EEB00006EEB0101B1F523
:109CF000801F1BD3B1F5001F0CD349085FEA300069
:109D00004FEA3C0C04F101044FEA445212F5800F73
:109D100080F09A80BCF1004F08BF5FEA500C50F110
:109D2000000041EB045141EA050130BD5FEA4C0CF3
:109D3000404141EB0101013C28BFB1F5801FE9D250
:109D400091F0000F04BF01460020B1FA81F308BF73
:109D50002033A3F10B03B3F120020CDA0C3208DD3F
:109D600002F1140CC2F10C0201FA0CF021FA02F11A
:109D70000CE002F11402D8BFC2F1200C01FA02F18A
:109D800020FA0CFCDCBF41EA0C019040E41AA2BFAF
:109D900001EB0451294330BD6FEA04041F3C1CDA77
:109DA0000C340EDC04F11404C4F1200220FA04F097
:109DB00001FA02F340EA030021FA04F345EA030141
:109DC00030BDC4F10C04C4F1200220FA02F001FA03
:109DD00004F340EA0300294630BD21FA04F0294685
:109DE00030BD94F0000F83F4801306BF81F480111E
:109DF0000134013D4EE77FEA645C18BF7FEA655C91
:109E000029D094EA050F08BF90EA020F05D054EA62
:109E1000000C04BF1946104630BD91EA030F1EBF67
:109E20000021002030BD5FEA545C05D1400049416B
:109E300028BF41F0004130BD14F580043CBF01F55E
:109E4000801130BD01F0004545F0FE4141F4700144
:109E50004FF0000030BD7FEA645C1ABF194610461F
:109E60007FEA655C1CBF0B46024650EA013406BF20
:109E700052EA033591EA030F41F4002130BD00BFDF
:109E800090F0000F04BF0021704730B54FF480649C
:109E900004F132044FF000054FF0000150E700BF1D
:109EA00090F0000F04BF0021704730B54FF480647C
:109EB00004F1320410F0004548BF40424FF0000169
:109EC0003EE700BF42004FEAE2014FEA31014FEAAC
:109ED00002701FBF12F07F4393F07F4F81F06051FB
:109EE000704732F07F4208BF704793F07F4F04BF46
:109EF00041F40021704730B54FF4607401F0004523
:109F000021F000411CE700BF50EA010208BF704782
:109F100030B54FF000050AE050EA010208BF704773
:109F200030B511F0004502D5404261EB41014FF4DC
:109F3000806404F132045FEA915C3FF4D8AE4FF0E4
:109F400003025FEADC0C18BF03325FEADC0C18BFC7
:109F5000033202EBDC02C2F1200300FA03FC20FA18
:109F600002F001FA03FE40EA0E0021FA02F1144465
:109F7000BDE600BF70B54FF0FF0C4CF4E06C1CEA7E
:109F800011541DBF1CEA135594EA0C0F95EA0C0FEF
:109F900000F0DEF82C4481EA030621EA4C5123EA62
:109FA0004C5350EA013518BF52EA033541F4801191
:109FB00043F4801338D0A0FB02CE4FF00005E1FB44
:109FC00002E506F00042E0FB03E54FF00006E1FB8E
:109FD00003569CF0000F18BF4EF0010EA4F1FF04D1
:109FE000B6F5007F64F5407404D25FEA4E0E6D4111
:109FF00046EB060642EAC62141EA55514FEAC52022
:10A0000040EA5E504FEACE2EB4F1FD0C88BFBCF59D
:10A01000E06F1ED8BEF1004F08BF5FEA500E50F14E
:10A02000000041EB045170BD06F0004646EA010114
:10A0300040EA020081EA0301B4EB5C04C2BFD4EB46
:10A040000C0541EA045170BD41F480114FF0000E3F
:10A05000013C00F3AB8014F1360FDEBF002001F0AD
:10A06000004170BDC4F10004203C35DA0C341BDC27
:10A0700004F11404C4F1200500FA05F320FA04F0F9
:10A0800001FA05F240EA020001F0004221F000412D
:10A0900010EBD37021FA04F642EB06015EEA430EA0
:10A0A00008BF20EAD37070BDC4F10C04C4F12005D0
:10A0B00000FA04F320FA05F001FA04F240EA020083
:10A0C00001F0004110EBD37041F100015EEA430E54
:10A0D00008BF20EAD37070BDC4F1200500FA05F274
:10A0E0004EEA020E20FA04F301FA05F243EA0203F3
:10A0F00021FA04F001F0004121FA04F220EA020002
:10A1000000EBD3705EEA430E08BF20EAD37070BD47
:10A1100094F0000F0FD101F00046400041EB010127
:10A1200011F4801F08BF013CF7D041EA060195F009
:10A13000000F18BF704703F00046520043EB0303C3
:10A1400013F4801F08BF013DF7D043EA06037047B0
:10A1500094EA0C0F0CEA135518BF95EA0C0F0CD0BB
:10A1600050EA410618BF52EA4306D1D181EA030101
:10A1700001F000414FF0000070BD50EA410606BFFB
:10A180001046194652EA430619D094EA0C0F02D140
:10A1900050EA013613D195EA0C0F05D152EA033685
:10A1A0001CBF104619460AD181EA030101F00041A3
:10A1B00041F0FE4141F470014FF0000070BD41F0EC
:10A1C000FE4141F4780170BD70B54FF0FF0C4CF4C6
:10A1D000E06C1CEA11541DBF1CEA135594EA0C0FE5
:10A1E00095EA0C0F00F0A7F8A4EB050481EA030E32
:10A1F00052EA03354FEA013100F088804FEA033319
:10A200004FF0805545EA131343EA12634FEA0222E6
:10A2100045EA111545EA10654FEA00260EF00041A7
:10A220009D4208BF964244F1FD0404F5407402D2F9
:10A230005B084FEA3202B61A65EB03055B084FEA8A
:10A2400032024FF480104FF4002CB6EB020E75EB87
:10A25000030E22BFB61A754640EA0C005B084FEAAF
:10A260003202B6EB020E75EB030E22BFB61A75462C
:10A2700040EA5C005B084FEA3202B6EB020E75EB77
:10A28000030E22BFB61A754640EA9C005B084FEAEF
:10A290003202B6EB020E75EB030E22BFB61A7546FC
:10A2A00040EADC0055EA060E18D04FEA051545EAEB
:10A2B00016754FEA06164FEAC30343EA52734FEA94
:10A2C000C2025FEA1C1CC0D111F4801F0BD141EA0D
:10A2D00000014FF000004FF0004CB6E711F4801F72
:10A2E00004BF01430020B4F1FD0C88BFBCF5E06F52
:10A2F0003FF6AFAEB5EB030C04BFB6EB020C5FEA62
:10A30000500C50F1000041EB045170BD0EF0004EB6
:10A310004EEA113114EB5C04C2BFD4EB0C0541EAE8
:10A32000045170BD41F480114FF0000E013C90E6E5
:10A3300045EA060E8DE60CEA135594EA0C0F08BFA9
:10A3400095EA0C0F3FF43BAF94EA0C0F0AD150EAA8
:10A3500001347FF434AF95EA0C0F7FF425AF10463B
:10A3600019462CE795EA0C0F06D152EA03353FF463
:10A37000FDAE1046194622E750EA410618BF52EAE0
:10A3800043067FF4C5AE50EA41047FF40DAF52EAB4
:10A3900043057FF4EBAE12E74FF0FF3C06E000BF51
:10A3A0004FF0010C02E000BF4FF0010C4DF804CD5E
:10A3B0004FEA410C7FEA6C5C4FEA430C18BF7FEA1E
:10A3C0006C5C1BD001B050EA410C0CBF52EA430C4C
:10A3D00091EA030F02BF90EA020F0020704710F1CC
:10A3E000000F91EA030F58BF994208BF90422CBF5B
:10A3F000D8176FEAE37040F0010070474FEA410C54
:10A400007FEA6C5C02D150EA013C07D14FEA430C71
:10A410007FEA6C5CD6D152EA033CD3D05DF8040BE2
:10A42000704700BF8446104662468C461946634614
:10A4300000E000BF01B5FFF7B7FF002848BF10F1EB
:10A44000000F01BD4DF808EDFFF7F4FF0CBF012030
:10A4500000205DF808FB00BF4DF808EDFFF7EAFFAC
:10A4600034BF012000205DF808FB00BF4DF808ED67
:10A47000FFF7E0FF94BF012000205DF808FB00BF5C
:10A480004DF808EDFFF7CEFF94BF012000205DF8E6
:10A4900008FB00BF4DF808EDFFF7C4FF34BF0120F3
:10A4A00000205DF808FB00BF4FEA410C7FEA6C5CBE
:10A4B00002D150EA013C0AD14FEA430C7FEA6C5CBE
:10A4C00002D152EA033C02D14FF0000070474FF036
:10A4D000010070474FEA410212F5001215D211D562
:10A4E0006FF47873B3EB625212D94FEAC12343F091
:10A4F000004343EA505311F0004F23FA02F018BF13
:10A50000404270474FF00000704750EA013005D1DB
:10A5100011F0004008BF6FF0004070474FF000009E
:10A52000704700BFF8B500BFF8BC08BC9E46704736
:10A53000F8B500BFF8BC08BC9E4670474641544180
:10A540004C204552524F520A00000000FFFFFFFF0F
:10A55000FFFFFFFF0100000001000000FFFFFFFF01
:10A56000FFFFFFFF0100000001000000FFFFFFFFF1
:10A5700001000000FFFFFFFF01000000FFFFFFFFE1
:10A5800001000000FFFFFFFF01000000FFFFFFFFD1
:10A59000FFFFFFFFFFFFFFFFFFFFFFFF01000000C6
:10A5A00001000000010000000100000032323A34D6
:10A5B000353A3337000000004A616E2032332032D2
:10A5C0003032360025732C2025730A004B616E61F2
:10A5D0006C20320A000000004B616E616C20330A6F
:10A5E000000000004B616E616C20310A0000000029
:10A5F000494E4600696E66004E414E006E616E0027
:10A6000030313233343536373839616263646566E8
:10A6100000000000303132333435363738394142AA
:10A620004344454600000000286E756C6C2900000C
:10A63000300000002E0000004C435F434F4C4C4163
:10A64000544500004C435F435459504500000000FE
:10A650004C435F4D4F4E4554415259004C435F4E61
:10A66000554D4552494300004C435F54494D450008
:10A670004C435F4D4553534147455300496E66690E
:10A680006E697479000000004E614E0042616C6C8E
:10A690006F63207375636365656465640000000023
:10A6A0002F646174612F6A656E6B696E732F776FAB
:10A6B000726B73706163652F474E552D746F6F6CAD
:10A6C000636861696E2F61726D2D31332F73726310
:10A6D0002F6E65776C69622D63796777696E2F6E6F
:10A6E00065776C69622F6C6962632F7374646C693F
:10A6F000622F64746F612E63000000002F64617428
:10A70000612F6A656E6B696E732F776F726B7370F2
:10A710006163652F474E552D746F6F6C6368616977
:10A720006E2F61726D2D31332F7372632F6E6577CB
:10A730006C69622D63796777696E2F6E65776C69D6
:10A74000622F6C6962632F7374646C69622F6D7021
:10A750007265632E630000002C2066756E63746959
:10A760006F6E3A2000000000617373657274696F48
:10A770006E2022257322206661696C65643A20662A
:10A78000696C6520222573222C206C696E6520255A
:10A7900064257325730A000030303030303030309B
:10A7A0003030303030303030202020202020202029
:10A7B000202020202020202005000000190000007B
:10A7C0007D000000000000000080E03779C34143B5
:10A7D000176E05B5B5B89346F5F93FE9034F384D07
:10A7E000321D30F94877825A3CBF737FDD4F1575B3
:10A7F000000000000000F03F0000000000002440C6
:10A8000000000000000059400000000000408F40A0
:10A81000000000000088C34000000000006AF8400B
:10A820000000000080842E4100000000D01263412F
:10A830000000000084D797410000000065CDCD41A5
:10A84000000000205FA00242000000E87648374286
:10A85000000000A2941A6D42000040E59C30A24224
:10A860000000901EC4BCD64200003426F56B0C4399
:10A870000080E03779C3414300A0D8855734764340
:10A8800000C84E676DC1AB43003D9160E458E143A1
:10A89000408CB5781DAF154450EFE2D6E41A4B4416
:10A8A00092D54D06CFF08044F64AE1C7022DB5445B
:10A8B000B49DD9794378EA4400202020202020202C
:10A8C0002020282828282820202020202020202060
:10A8D0002020202020202020208810101010101070
:10A8E00010101010101010101004040404040404BC
:10A8F0000404041010101010101041414141414156
:10A900000101010101010101010101010101010137
:10A910000101010110101010101042424242424247
:10A920000202020202020202020202020202020207
:10A9300002020202101010102000000000000000AF
:10A940000000000000000000000000000000000007
:10A9500000000000000000000000000000000000F7
:10A9600000000000000000000000000000000000E7
:10A9700000000000000000000000000000000000D7
:10A9800000000000000000000000000000000000C7
:10A9900000000000000000000000000000000000B7
:10A9A00000000000000000000000000000000000A7
:10A9B00000000000000000000000000030303030D7
:10A9C00030303030303030303030303020202020C7
:10A9D00020202020202020202020202000000000F7
:10A9E0001000000000000000017A5200027C0E01FD
:10A9F0001B0C0D003800000018000000B4BAFFFF67
:10AA00009E00000000510E10840485038602870119
:10AA10005BC7C6C5C40E004C0A420B0A420B0E109F
:10AA2000840485038602870151C7C6C5C40E000091
:10AA30001000000000000000017A5200027C0E01AC
:10AA40001B0C0D001C0000001800000034BBFFFFB1
:10AA5000D800000000410E088501840202490A4A1C
:10AA6000C5C4410B1000000000000000017A520034
:10AA7000027C0E011B0C0D001400000018000000E9
:10AA800060D6FFFF340100000002710A430B000092
:08AA9000808CFF7F0100000033
:0CAA9800A4AA00000000FD1FD90100006E
:10AAA40000C2EB0B00800340008003400000000064
:10AAB4000000000000000000000000000000000092
:10AAC40000000000000000000082034000820340F8
:10AAD4000000000000000000000000000000000072
:10AAE40000000000000000000000000000C006405C
:10AAF4000000000000000000000000000000000052
:10AB04000000000000000000000000000000000041
:10AB14000000000000000000000000000000000031
:10AB240003000000F02FFD1F9000FD1F0000000037
:10AB340000000000F02FFD1F5830FD1FC030FD1F26
:10AB44000000000000000000000000000000000001
:10AB540000000000000000000000000000000000F1
:10AB640000000000000000000000000000000000E1
:10AB740000000000000000000000000000000000D1
:10AB840000000000000000000000000000000000C1
:10AB940000000000000000000000000000000000B1
:10ABA40000000000000000000000000000000000A1
:10ABB4000000000000000000000000000000000091
:10ABC4000000000000000000010000000000000080
:10ABD4000E33CDAB34126DE6ECDE05000B00000045
:10ABE4000000000000000000000000000000000061
:10ABF4000000000000000000000000000000000051
:10AC04000000000000000000000000000000000040
:10AC14000000000000000000000000000000000030
:10AC24000000000000000000000000000000000020
:10AC34000000000000000000000000000000000010
:10AC44000000000000000000000000000000000000
:10AC540000000000000000000000000000000000F0
:10AC640000000000000000000000000000000000E0
:10AC74003431FD1FFFFFFFFF000002000000000051
:10AC84000000000000000000E001FD1FE001FD1FC6
:10AC9400E801FD1FE801FD1FF001FD1FF001FD1F8C
:10ACA400F801FD1FF801FD1F0002FD1F0002FD1F3A
:10ACB4000802FD1F0802FD1F1002FD1F1002FD1FE8
:10ACC4001802FD1F1802FD1F2002FD1F2002FD1F98
:10ACD4002802FD1F2802FD1F3002FD1F3002FD1F48
:10ACE4003802FD1F3802FD1F4002FD1F4002FD1FF8
:10ACF4004802FD1F4802FD1F5002FD1F5002FD1FA8
:10AD04005802FD1F5802FD1F6002FD1F6002FD1F57
:10AD14006802FD1F6802FD1F7002FD1F7002FD1F07
:10AD24007802FD1F7802FD1F8002FD1F8002FD1FB7
:10AD34008802FD1F8802FD1F9002FD1F9002FD1F67
:10AD44009802FD1F9802FD1FA002FD1FA002FD1F17
:10AD5400A802FD1FA802FD1FB002FD1FB002FD1FC7
:10AD6400B802FD1FB802FD1FC002FD1FC002FD1F77
:10AD7400C802FD1FC802FD1FD002FD1FD002FD1F27
:10AD8400D802FD1FD802FD1FE002FD1FE002FD1FD7
:10AD9400E802FD1FE802FD1FF002FD1FF002FD1F87
:10ADA400F802FD1FF802FD1F0003FD1F0003FD1F35
:10ADB4000803FD1F0803FD1F1003FD1F1003FD1FE3
:10ADC4001803FD1F1803FD1F2003FD1F2003FD1F93
:10ADD4002803FD1F2803FD1F3003FD1F3003FD1F43
:10ADE4003803FD1F3803FD1F4003FD1F4003FD1FF3
:10ADF4004803FD1F4803FD1F5003FD1F5003FD1FA3
:10AE04005803FD1F5803FD1F6003FD1F6003FD1F52
:10AE14006803FD1F6803FD1F7003FD1F7003FD1F02
:10AE24007803FD1F7803FD1F8003FD1F8003FD1FB2
:10AE34008803FD1F8803FD1F9003FD1F9003FD1F62
:10AE44009803FD1F9803FD1FA003FD1FA003FD1F12
:10AE5400A803FD1FA803FD1FB003FD1FB003FD1FC2
:10AE6400B803FD1FB803FD1FC003FD1FC003FD1F72
:10AE7400C803FD1FC803FD1FD003FD1FD003FD1F22
:10AE8400D803FD1FD803FD1FE003FD1FE003FD1FD2
:10AE9400E803FD1FE803FD1FF003FD1FF003FD1F82
:10AEA400F803FD1FF803FD1F0004FD1F0004FD1F30
:10AEB4000804FD1F0804FD1F1004FD1F1004FD1FDE
:10AEC4001804FD1F1804FD1F2004FD1F2004FD1F8E
:10AED4002804FD1F2804FD1F3004FD1F3004FD1F3E
:10AEE4003804FD1F3804FD1F4004FD1F4004FD1FEE
:10AEF4004804FD1F4804FD1F5004FD1F5004FD1F9E
:10AF04005804FD1F5804FD1F6004FD1F6004FD1F4D
:10AF14006804FD1F6804FD1F7004FD1F7004FD1FFD
:10AF24007804FD1F7804FD1F8004FD1F8004FD1FAD
:10AF34008804FD1F8804FD1F9004FD1F9004FD1F5D
:10AF44009804FD1F9804FD1FA004FD1FA004FD1F0D
:10AF5400A804FD1FA804FD1FB004FD1FB004FD1FBD
:10AF6400B804FD1FB804FD1FC004FD1FC004FD1F6D
:10AF7400C804FD1FC804FD1FD004FD1FD004FD1F1D
:10AF8400D804FD1FD804FD1FE004FD1FE004FD1FCD
:10AF9400E804FD1FE804FD1FF004FD1FF004FD1F7D
:10AFA400F804FD1FF804FD1F0005FD1F0005FD1F2B
:10AFB4000805FD1F0805FD1F1005FD1F1005FD1FD9
:10AFC4001805FD1F1805FD1F2005FD1F2005FD1F89
:10AFD4002805FD1F2805FD1F3005FD1F3005FD1F39
:10AFE4003805FD1F3805FD1F4005FD1F4005FD1FE9
:10AFF4004805FD1F4805FD1F5005FD1F5005FD1F99
:10B004005805FD1F5805FD1F6005FD1F6005FD1F48
:10B014006805FD1F6805FD1F7005FD1F7005FD1FF8
:10B024007805FD1F7805FD1F8005FD1F8005FD1FA8
:10B034008805FD1F8805FD1F9005FD1F9005FD1F58
:10B044009805FD1F9805FD1FA005FD1FA005FD1F08
:10B05400A805FD1FA805FD1FB005FD1FB005FD1FB8
:10B06400B805FD1FB805FD1FC005FD1FC005FD1F68
:10B07400C805FD1FC805FD1FD005FD1FD005FD1F18
:10B08400D805FD1FD805FD1F430000000000000087
:10B0940000000000000000000000000000000000AC
:10B0A4000000000000000000430000000000000059
:10B0B400000000000000000000000000000000008C
:10B0C4000000000000000000430000000000000039
:10B0D400000000000000000000000000000000006C
:10B0E4000000000000000000430000000000000019
:10B0F400000000000000000000000000000000004C
:10B1040000000000000000004300000000000000F8
:10B11400000000000000000000000000000000002B
:10B1240000000000000000004300000000000000D8
:10B13400000000000000000000000000000000000B
:10B1440000000000000000004300000000000000B8
:10B1540000000000000000000000000000000000EB
:10B164000000000000000000A17E0000E97600005D
:10B1740000000000B8A8000034A6000064A7000086
:10B1840064A7000064A7000064A7000064A700008F
:10B1940064A7000064A7000064A7000064A700007F
:10B1A400FFFFFFFFFFFFFFFFFFFFFFFFFFFF0000A9
:10B1B4000100415343494900000000000000000021
:10B1C400000000000000000000000000000000007B
:10B1D4000000415343494900000000000000000002
:10B1E400000000000000000000000000000000005B
:10B1F40000000000D53C0000C1330000F53700001A
:04B20400CD37000042
:0400000300000241B6
:00000001FF
